"sample","mae_mean","F1_score","recall","precision"
"trees_s0.0_r5_scale0.001_rep1",0,1,1,1
"trees_s0.0_r5_scale0.001_rep10",0,1,1,1
"trees_s0.0_r5_scale0.001_rep2",0,1,1,1
"trees_s0.0_r5_scale0.001_rep3",0,1,1,1
"trees_s0.0_r5_scale0.001_rep4",0,1,1,1
"trees_s0.0_r5_scale0.001_rep5",0,1,1,1
"trees_s0.0_r5_scale0.001_rep6",0,1,1,1
"trees_s0.0_r5_scale0.001_rep7",0.00909090909090909,0.947368421052632,0.9,1
"trees_s0.0_r5_scale0.001_rep8",0.00909090909090909,0.947368421052632,0.9,1
"trees_s0.0_r5_scale0.001_rep9",0,1,1,1
"trees_s0.0_r5_scale0.01_rep1",0,1,1,1
"trees_s0.0_r5_scale0.01_rep10",0,1,1,1
"trees_s0.0_r5_scale0.01_rep2",0,1,1,1
"trees_s0.0_r5_scale0.01_rep3",0,1,1,1
"trees_s0.0_r5_scale0.01_rep4",0,1,1,1
"trees_s0.0_r5_scale0.01_rep5",0,1,1,1
"trees_s0.0_r5_scale0.01_rep6",0,1,1,1
"trees_s0.0_r5_scale0.01_rep7",0,1,1,1
"trees_s0.0_r5_scale0.01_rep8",0,1,1,1
"trees_s0.0_r5_scale0.01_rep9",0,1,1,1
"trees_s0.0_r5_scale0.1_rep1",0,1,1,1
"trees_s0.0_r5_scale0.1_rep10",0,1,1,1
"trees_s0.0_r5_scale0.1_rep2",0,1,1,1
"trees_s0.0_r5_scale0.1_rep3",0,1,1,1
"trees_s0.0_r5_scale0.1_rep4",0,1,1,1
"trees_s0.0_r5_scale0.1_rep5",0,1,1,1
"trees_s0.0_r5_scale0.1_rep6",0,1,1,1
"trees_s0.0_r5_scale0.1_rep7",0,1,1,1
"trees_s0.0_r5_scale0.1_rep8",0,1,1,1
"trees_s0.0_r5_scale0.1_rep9",0,1,1,1
"trees_s0.0_r5_scale1.0_rep1",0,1,1,1
"trees_s0.0_r5_scale1.0_rep10",0,1,1,1
"trees_s0.0_r5_scale1.0_rep2",0,1,1,1
"trees_s0.0_r5_scale1.0_rep3",0,1,1,1
"trees_s0.0_r5_scale1.0_rep4",0,1,1,1
"trees_s0.0_r5_scale1.0_rep5",0,1,1,1
"trees_s0.0_r5_scale1.0_rep6",0,1,1,1
"trees_s0.0_r5_scale1.0_rep7",0,1,1,1
"trees_s0.0_r5_scale1.0_rep8",0,1,1,1
"trees_s0.0_r5_scale1.0_rep9",0,1,1,1
"trees_s0.0_r5_scale10.0_rep1",0,1,1,1
"trees_s0.0_r5_scale10.0_rep10",0,1,1,1
"trees_s0.0_r5_scale10.0_rep2",0,1,1,1
"trees_s0.0_r5_scale10.0_rep3",0,1,1,1
"trees_s0.0_r5_scale10.0_rep4",0,1,1,1
"trees_s0.0_r5_scale10.0_rep5",0,1,1,1
"trees_s0.0_r5_scale10.0_rep6",0,1,1,1
"trees_s0.0_r5_scale10.0_rep7",0,1,1,1
"trees_s0.0_r5_scale10.0_rep8",0,1,1,1
"trees_s0.0_r5_scale10.0_rep9",0,1,1,1
"trees_s0.1_r2_scale0.001_rep1",0,1,1,1
"trees_s0.1_r2_scale0.001_rep10",0.00909090909090909,0.947368421052632,0.9,1
"trees_s0.1_r2_scale0.001_rep2",0.00909090909090909,0.947368421052632,0.9,1
"trees_s0.1_r2_scale0.001_rep3",0,1,1,1
"trees_s0.1_r2_scale0.001_rep4",0,1,1,1
"trees_s0.1_r2_scale0.001_rep5",0.00909090909090909,0.947368421052632,0.9,1
"trees_s0.1_r2_scale0.001_rep6",0.00909090909090909,0.947368421052632,0.9,1
"trees_s0.1_r2_scale0.001_rep7",0,1,1,1
"trees_s0.1_r2_scale0.001_rep8",0.00909090909090909,0.947368421052632,0.9,1
"trees_s0.1_r2_scale0.001_rep9",0,1,1,1
"trees_s0.1_r2_scale0.01_rep1",0,1,1,1
"trees_s0.1_r2_scale0.01_rep10",0,1,1,1
"trees_s0.1_r2_scale0.01_rep2",0,1,1,1
"trees_s0.1_r2_scale0.01_rep3",0,1,1,1
"trees_s0.1_r2_scale0.01_rep4",0,1,1,1
"trees_s0.1_r2_scale0.01_rep5",0,1,1,1
"trees_s0.1_r2_scale0.01_rep6",0,1,1,1
"trees_s0.1_r2_scale0.01_rep7",0,1,1,1
"trees_s0.1_r2_scale0.01_rep8",0,1,1,1
"trees_s0.1_r2_scale0.01_rep9",0,1,1,1
"trees_s0.1_r2_scale0.1_rep1",0,1,1,1
"trees_s0.1_r2_scale0.1_rep10",0,1,1,1
"trees_s0.1_r2_scale0.1_rep2",0,1,1,1
"trees_s0.1_r2_scale0.1_rep3",0,1,1,1
"trees_s0.1_r2_scale0.1_rep4",0,1,1,1
"trees_s0.1_r2_scale0.1_rep5",0,1,1,1
"trees_s0.1_r2_scale0.1_rep6",0,1,1,1
"trees_s0.1_r2_scale0.1_rep7",0,1,1,1
"trees_s0.1_r2_scale0.1_rep8",0,1,1,1
"trees_s0.1_r2_scale0.1_rep9",0,1,1,1
"trees_s0.1_r2_scale1.0_rep1",0,1,1,1
"trees_s0.1_r2_scale1.0_rep10",0,1,1,1
"trees_s0.1_r2_scale1.0_rep2",0,1,1,1
"trees_s0.1_r2_scale1.0_rep3",0,1,1,1
"trees_s0.1_r2_scale1.0_rep4",0,1,1,1
"trees_s0.1_r2_scale1.0_rep5",0,1,1,1
"trees_s0.1_r2_scale1.0_rep6",0,1,1,1
"trees_s0.1_r2_scale1.0_rep7",0,1,1,1
"trees_s0.1_r2_scale1.0_rep8",0,1,1,1
"trees_s0.1_r2_scale1.0_rep9",0,1,1,1
"trees_s0.1_r2_scale10.0_rep1",0,1,1,1
"trees_s0.1_r2_scale10.0_rep10",0,1,1,1
"trees_s0.1_r2_scale10.0_rep2",0,1,1,1
"trees_s0.1_r2_scale10.0_rep3",0,1,1,1
"trees_s0.1_r2_scale10.0_rep4",0,1,1,1
"trees_s0.1_r2_scale10.0_rep5",0,1,1,1
"trees_s0.1_r2_scale10.0_rep6",0,1,1,1
"trees_s0.1_r2_scale10.0_rep7",0,1,1,1
"trees_s0.1_r2_scale10.0_rep8",0,1,1,1
"trees_s0.1_r2_scale10.0_rep9",0,1,1,1
"trees_s0.2_r5_scale0.001_rep1",0,1,1,1
"trees_s0.2_r5_scale0.001_rep10",0,1,1,1
"trees_s0.2_r5_scale0.001_rep2",0,1,1,1
"trees_s0.2_r5_scale0.001_rep3",0,1,1,1
"trees_s0.2_r5_scale0.001_rep4",0.00909090909090909,0.947368421052632,0.9,1
"trees_s0.2_r5_scale0.001_rep5",0,1,1,1
"trees_s0.2_r5_scale0.001_rep6",0,1,1,1
"trees_s0.2_r5_scale0.001_rep7",0,1,1,1
"trees_s0.2_r5_scale0.001_rep8",0,1,1,1
"trees_s0.2_r5_scale0.001_rep9",0.00909090909090909,0.947368421052632,0.9,1
"trees_s0.2_r5_scale0.01_rep1",0,1,1,1
"trees_s0.2_r5_scale0.01_rep10",0,1,1,1
"trees_s0.2_r5_scale0.01_rep2",0,1,1,1
"trees_s0.2_r5_scale0.01_rep3",0,1,1,1
"trees_s0.2_r5_scale0.01_rep4",0,1,1,1
"trees_s0.2_r5_scale0.01_rep5",0,1,1,1
"trees_s0.2_r5_scale0.01_rep6",0,1,1,1
"trees_s0.2_r5_scale0.01_rep7",0,1,1,1
"trees_s0.2_r5_scale0.01_rep8",0,1,1,1
"trees_s0.2_r5_scale0.01_rep9",0,1,1,1
"trees_s0.2_r5_scale0.1_rep1",0,1,1,1
"trees_s0.2_r5_scale0.1_rep10",0,1,1,1
"trees_s0.2_r5_scale0.1_rep2",0,1,1,1
"trees_s0.2_r5_scale0.1_rep3",0,1,1,1
"trees_s0.2_r5_scale0.1_rep4",0,1,1,1
"trees_s0.2_r5_scale0.1_rep5",0,1,1,1
"trees_s0.2_r5_scale0.1_rep6",0.00909090909090909,0.947368421052632,0.9,1
"trees_s0.2_r5_scale0.1_rep7",0,1,1,1
"trees_s0.2_r5_scale0.1_rep8",0,1,1,1
"trees_s0.2_r5_scale0.1_rep9",0,1,1,1
"trees_s0.2_r5_scale1.0_rep1",0,1,1,1
"trees_s0.2_r5_scale1.0_rep10",0,1,1,1
"trees_s0.2_r5_scale1.0_rep2",0,1,1,1
"trees_s0.2_r5_scale1.0_rep3",0,1,1,1
"trees_s0.2_r5_scale1.0_rep4",0,1,1,1
"trees_s0.2_r5_scale1.0_rep5",0,1,1,1
"trees_s0.2_r5_scale1.0_rep6",0,1,1,1
"trees_s0.2_r5_scale1.0_rep7",0,1,1,1
"trees_s0.2_r5_scale1.0_rep8",0,1,1,1
"trees_s0.2_r5_scale1.0_rep9",0,1,1,1
"trees_s0.2_r5_scale10.0_rep1",0,1,1,1
"trees_s0.2_r5_scale10.0_rep10",0,1,1,1
"trees_s0.2_r5_scale10.0_rep2",0,1,1,1
"trees_s0.2_r5_scale10.0_rep3",0,1,1,1
"trees_s0.2_r5_scale10.0_rep4",0,1,1,1
"trees_s0.2_r5_scale10.0_rep5",0,1,1,1
"trees_s0.2_r5_scale10.0_rep6",0,1,1,1
"trees_s0.2_r5_scale10.0_rep7",0,1,1,1
"trees_s0.2_r5_scale10.0_rep8",0.00909090909090909,0.947368421052632,0.9,1
"trees_s0.2_r5_scale10.0_rep9",0,1,1,1
"trees_s0.3_r1_scale0.001_rep1",0,1,1,1
"trees_s0.3_r1_scale0.001_rep10",0,1,1,1
"trees_s0.3_r1_scale0.001_rep2",0,1,1,1
"trees_s0.3_r1_scale0.001_rep3",0,1,1,1
"trees_s0.3_r1_scale0.001_rep4",0.00909090909090909,0.947368421052632,0.9,1
"trees_s0.3_r1_scale0.001_rep5",0,1,1,1
"trees_s0.3_r1_scale0.001_rep6",0.0166666666666667,0.888888888888889,0.8,1
"trees_s0.3_r1_scale0.001_rep7",0,1,1,1
"trees_s0.3_r1_scale0.001_rep8",0.00909090909090909,0.947368421052632,0.9,1
"trees_s0.3_r1_scale0.001_rep9",0,1,1,1
"trees_s0.3_r1_scale0.01_rep1",0,1,1,1
"trees_s0.3_r1_scale0.01_rep10",0,1,1,1
"trees_s0.3_r1_scale0.01_rep2",0,1,1,1
"trees_s0.3_r1_scale0.01_rep3",0,1,1,1
"trees_s0.3_r1_scale0.01_rep4",0,1,1,1
"trees_s0.3_r1_scale0.01_rep5",0,1,1,1
"trees_s0.3_r1_scale0.01_rep6",0,1,1,1
"trees_s0.3_r1_scale0.01_rep7",0.00909090909090909,0.947368421052632,0.9,1
"trees_s0.3_r1_scale0.01_rep8",0,1,1,1
"trees_s0.3_r1_scale0.01_rep9",0,1,1,1
"trees_s0.3_r1_scale0.1_rep1",0,1,1,1
"trees_s0.3_r1_scale0.1_rep10",0,1,1,1
"trees_s0.3_r1_scale0.1_rep2",0,1,1,1
"trees_s0.3_r1_scale0.1_rep3",0.00909090909090909,0.947368421052632,0.9,1
"trees_s0.3_r1_scale0.1_rep4",0,1,1,1
"trees_s0.3_r1_scale0.1_rep5",0,1,1,1
"trees_s0.3_r1_scale0.1_rep6",0,1,1,1
"trees_s0.3_r1_scale0.1_rep7",0,1,1,1
"trees_s0.3_r1_scale0.1_rep8",0,1,1,1
"trees_s0.3_r1_scale0.1_rep9",0,1,1,1
"trees_s0.3_r1_scale1.0_rep1",0,1,1,1
"trees_s0.3_r1_scale1.0_rep10",0,1,1,1
"trees_s0.3_r1_scale1.0_rep2",0,1,1,1
"trees_s0.3_r1_scale1.0_rep3",0,1,1,1
"trees_s0.3_r1_scale1.0_rep4",0,1,1,1
"trees_s0.3_r1_scale1.0_rep5",0,1,1,1
"trees_s0.3_r1_scale1.0_rep6",0,1,1,1
"trees_s0.3_r1_scale1.0_rep7",0,1,1,1
"trees_s0.3_r1_scale1.0_rep8",0,1,1,1
"trees_s0.3_r1_scale1.0_rep9",0,1,1,1
"trees_s0.3_r1_scale10.0_rep1",0,1,1,1
"trees_s0.3_r1_scale10.0_rep10",0,1,1,1
"trees_s0.3_r1_scale10.0_rep2",0,1,1,1
"trees_s0.3_r1_scale10.0_rep3",0,1,1,1
"trees_s0.3_r1_scale10.0_rep4",0,1,1,1
"trees_s0.3_r1_scale10.0_rep5",0,1,1,1
"trees_s0.3_r1_scale10.0_rep6",0,1,1,1
"trees_s0.3_r1_scale10.0_rep7",0,1,1,1
"trees_s0.3_r1_scale10.0_rep8",0,1,1,1
"trees_s0.3_r1_scale10.0_rep9",0,1,1,1
"trees_s0.4_r5_scale0.001_rep1",0,1,1,1
"trees_s0.4_r5_scale0.001_rep10",0,1,1,1
"trees_s0.4_r5_scale0.001_rep2",0.0166666666666667,0.888888888888889,0.8,1
"trees_s0.4_r5_scale0.001_rep3",0,1,1,1
"trees_s0.4_r5_scale0.001_rep4",0,1,1,1
"trees_s0.4_r5_scale0.001_rep5",0,1,1,1
"trees_s0.4_r5_scale0.001_rep6",0.00909090909090909,0.947368421052632,0.9,1
"trees_s0.4_r5_scale0.001_rep7",0,1,1,1
"trees_s0.4_r5_scale0.001_rep8",0,1,1,1
"trees_s0.4_r5_scale0.001_rep9",0,1,1,1
"trees_s0.4_r5_scale0.01_rep1",0,1,1,1
"trees_s0.4_r5_scale0.01_rep10",0,1,1,1
"trees_s0.4_r5_scale0.01_rep2",0,1,1,1
"trees_s0.4_r5_scale0.01_rep3",0,1,1,1
"trees_s0.4_r5_scale0.01_rep4",0,1,1,1
"trees_s0.4_r5_scale0.01_rep5",0,1,1,1
"trees_s0.4_r5_scale0.01_rep6",0,1,1,1
"trees_s0.4_r5_scale0.01_rep7",0,1,1,1
"trees_s0.4_r5_scale0.01_rep8",0,1,1,1
"trees_s0.4_r5_scale0.01_rep9",0,1,1,1
"trees_s0.4_r5_scale0.1_rep1",0,1,1,1
"trees_s0.4_r5_scale0.1_rep10",0,1,1,1
"trees_s0.4_r5_scale0.1_rep2",0,1,1,1
"trees_s0.4_r5_scale0.1_rep3",0,1,1,1
"trees_s0.4_r5_scale0.1_rep4",0,1,1,1
"trees_s0.4_r5_scale0.1_rep5",0,1,1,1
"trees_s0.4_r5_scale0.1_rep6",0,1,1,1
"trees_s0.4_r5_scale0.1_rep7",0,1,1,1
"trees_s0.4_r5_scale0.1_rep8",0,1,1,1
"trees_s0.4_r5_scale0.1_rep9",0,1,1,1
"trees_s0.4_r5_scale1.0_rep1",0,1,1,1
"trees_s0.4_r5_scale1.0_rep10",0,1,1,1
"trees_s0.4_r5_scale1.0_rep2",0,1,1,1
"trees_s0.4_r5_scale1.0_rep3",0,1,1,1
"trees_s0.4_r5_scale1.0_rep4",0,1,1,1
"trees_s0.4_r5_scale1.0_rep5",0,1,1,1
"trees_s0.4_r5_scale1.0_rep6",0,1,1,1
"trees_s0.4_r5_scale1.0_rep7",0,1,1,1
"trees_s0.4_r5_scale1.0_rep8",0,1,1,1
"trees_s0.4_r5_scale1.0_rep9",0,1,1,1
"trees_s0.4_r5_scale10.0_rep1",0,1,1,1
"trees_s0.4_r5_scale10.0_rep10",0,1,1,1
"trees_s0.4_r5_scale10.0_rep2",0,1,1,1
"trees_s0.4_r5_scale10.0_rep3",0,1,1,1
"trees_s0.4_r5_scale10.0_rep4",0,1,1,1
"trees_s0.4_r5_scale10.0_rep5",0,1,1,1
"trees_s0.4_r5_scale10.0_rep6",0,1,1,1
"trees_s0.4_r5_scale10.0_rep7",0,1,1,1
"trees_s0.4_r5_scale10.0_rep8",0,1,1,1
"trees_s0.4_r5_scale10.0_rep9",0,1,1,1
"trees_s0.5_r1_scale0.001_rep1",0,1,1,1
"trees_s0.5_r1_scale0.001_rep10",0,1,1,1
"trees_s0.5_r1_scale0.001_rep2",0,1,1,1
"trees_s0.5_r1_scale0.001_rep3",0.00909090909090909,0.947368421052632,0.9,1
"trees_s0.5_r1_scale0.001_rep4",0.00909090909090909,0.947368421052632,0.9,1
"trees_s0.5_r1_scale0.001_rep5",0.00909090909090909,0.947368421052632,0.9,1
"trees_s0.5_r1_scale0.001_rep6",0.00909090909090909,0.947368421052632,0.9,1
"trees_s0.5_r1_scale0.001_rep7",0,1,1,1
"trees_s0.5_r1_scale0.001_rep8",0,1,1,1
"trees_s0.5_r1_scale0.001_rep9",0,1,1,1
"trees_s0.5_r1_scale0.01_rep1",0,1,1,1
"trees_s0.5_r1_scale0.01_rep10",0,1,1,1
"trees_s0.5_r1_scale0.01_rep2",0,1,1,1
"trees_s0.5_r1_scale0.01_rep3",0,1,1,1
"trees_s0.5_r1_scale0.01_rep4",0,1,1,1
"trees_s0.5_r1_scale0.01_rep5",0,1,1,1
"trees_s0.5_r1_scale0.01_rep6",0,1,1,1
"trees_s0.5_r1_scale0.01_rep7",0,1,1,1
"trees_s0.5_r1_scale0.01_rep8",0,1,1,1
"trees_s0.5_r1_scale0.01_rep9",0,1,1,1
"trees_s0.5_r1_scale0.1_rep1",0,1,1,1
"trees_s0.5_r1_scale0.1_rep10",0,1,1,1
"trees_s0.5_r1_scale0.1_rep2",0,1,1,1
"trees_s0.5_r1_scale0.1_rep3",0,1,1,1
"trees_s0.5_r1_scale0.1_rep4",0,1,1,1
"trees_s0.5_r1_scale0.1_rep5",0,1,1,1
"trees_s0.5_r1_scale0.1_rep6",0,1,1,1
"trees_s0.5_r1_scale0.1_rep7",0,1,1,1
"trees_s0.5_r1_scale0.1_rep8",0,1,1,1
"trees_s0.5_r1_scale0.1_rep9",0,1,1,1
"trees_s0.5_r1_scale1.0_rep1",0,1,1,1
"trees_s0.5_r1_scale1.0_rep10",0,1,1,1
"trees_s0.5_r1_scale1.0_rep2",0,1,1,1
"trees_s0.5_r1_scale1.0_rep3",0,1,1,1
"trees_s0.5_r1_scale1.0_rep4",0,1,1,1
"trees_s0.5_r1_scale1.0_rep5",0,1,1,1
"trees_s0.5_r1_scale1.0_rep6",0,1,1,1
"trees_s0.5_r1_scale1.0_rep7",0,1,1,1
"trees_s0.5_r1_scale1.0_rep8",0,1,1,1
"trees_s0.5_r1_scale1.0_rep9",0,1,1,1
"trees_s0.5_r1_scale10.0_rep1",0,1,1,1
"trees_s0.5_r1_scale10.0_rep10",0,1,1,1
"trees_s0.5_r1_scale10.0_rep2",0,1,1,1
"trees_s0.5_r1_scale10.0_rep3",0,1,1,1
"trees_s0.5_r1_scale10.0_rep4",0,1,1,1
"trees_s0.5_r1_scale10.0_rep5",0,1,1,1
"trees_s0.5_r1_scale10.0_rep6",0,1,1,1
"trees_s0.5_r1_scale10.0_rep7",0,1,1,1
"trees_s0.5_r1_scale10.0_rep8",0.00909090909090909,0.947368421052632,0.9,1
"trees_s0.5_r1_scale10.0_rep9",0,1,1,1
"trees_s0.7_r5_scale0.001_rep1",0,1,1,1
"trees_s0.7_r5_scale0.001_rep10",0.00909090909090909,0.947368421052632,0.9,1
"trees_s0.7_r5_scale0.001_rep2",0,1,1,1
"trees_s0.7_r5_scale0.001_rep3",0,1,1,1
"trees_s0.7_r5_scale0.001_rep4",0,1,1,1
"trees_s0.7_r5_scale0.001_rep5",0,1,1,1
"trees_s0.7_r5_scale0.001_rep6",0,1,1,1
"trees_s0.7_r5_scale0.001_rep7",0,1,1,1
"trees_s0.7_r5_scale0.001_rep8",0,1,1,1
"trees_s0.7_r5_scale0.001_rep9",0.0166666666666667,0.888888888888889,0.8,1
"trees_s0.7_r5_scale0.01_rep1",0,1,1,1
"trees_s0.7_r5_scale0.01_rep10",0,1,1,1
"trees_s0.7_r5_scale0.01_rep2",0,1,1,1
"trees_s0.7_r5_scale0.01_rep3",0,1,1,1
"trees_s0.7_r5_scale0.01_rep4",0,1,1,1
"trees_s0.7_r5_scale0.01_rep5",0,1,1,1
"trees_s0.7_r5_scale0.01_rep6",0,1,1,1
"trees_s0.7_r5_scale0.01_rep7",0,1,1,1
"trees_s0.7_r5_scale0.01_rep8",0,1,1,1
"trees_s0.7_r5_scale0.01_rep9",0,1,1,1
"trees_s0.7_r5_scale0.1_rep1",0,1,1,1
"trees_s0.7_r5_scale0.1_rep10",0,1,1,1
"trees_s0.7_r5_scale0.1_rep2",0,1,1,1
"trees_s0.7_r5_scale0.1_rep3",0,1,1,1
"trees_s0.7_r5_scale0.1_rep4",0,1,1,1
"trees_s0.7_r5_scale0.1_rep5",0,1,1,1
"trees_s0.7_r5_scale0.1_rep6",0,1,1,1
"trees_s0.7_r5_scale0.1_rep7",0.00909090909090909,0.947368421052632,0.9,1
"trees_s0.7_r5_scale0.1_rep8",0,1,1,1
"trees_s0.7_r5_scale0.1_rep9",0,1,1,1
"trees_s0.7_r5_scale1.0_rep1",0,1,1,1
"trees_s0.7_r5_scale1.0_rep10",0,1,1,1
"trees_s0.7_r5_scale1.0_rep2",0,1,1,1
"trees_s0.7_r5_scale1.0_rep3",0,1,1,1
"trees_s0.7_r5_scale1.0_rep4",0,1,1,1
"trees_s0.7_r5_scale1.0_rep5",0,1,1,1
"trees_s0.7_r5_scale1.0_rep6",0,1,1,1
"trees_s0.7_r5_scale1.0_rep7",0,1,1,1
"trees_s0.7_r5_scale1.0_rep8",0,1,1,1
"trees_s0.7_r5_scale1.0_rep9",0,1,1,1
"trees_s0.7_r5_scale10.0_rep1",0,1,1,1
"trees_s0.7_r5_scale10.0_rep10",0,1,1,1
"trees_s0.7_r5_scale10.0_rep2",0,1,1,1
"trees_s0.7_r5_scale10.0_rep3",0,1,1,1
"trees_s0.7_r5_scale10.0_rep4",0,1,1,1
"trees_s0.7_r5_scale10.0_rep5",0,1,1,1
"trees_s0.7_r5_scale10.0_rep6",0,1,1,1
"trees_s0.7_r5_scale10.0_rep7",0,1,1,1
"trees_s0.7_r5_scale10.0_rep8",0,1,1,1
"trees_s0.7_r5_scale10.0_rep9",0.00909090909090909,0.947368421052632,0.9,1
"trees_s0.8_r3_scale0.001_rep1",0.00909090909090909,0.947368421052632,0.9,1
"trees_s0.8_r3_scale0.001_rep10",0.01690519,0.888888888888889,0.8,1
"trees_s0.8_r3_scale0.001_rep2",0,1,1,1
"trees_s0.8_r3_scale0.001_rep3",0.0179487176923077,0.888888888888889,0.8,1
"trees_s0.8_r3_scale0.001_rep4",0,1,1,1
"trees_s0.8_r3_scale0.001_rep5",0,1,1,1
"trees_s0.8_r3_scale0.001_rep6",0,1,1,1
"trees_s0.8_r3_scale0.001_rep7",0.00909090909090909,0.947368421052632,0.9,1
"trees_s0.8_r3_scale0.001_rep8",0,1,1,1
"trees_s0.8_r3_scale0.001_rep9",0.00909090909090909,0.947368421052632,0.9,1
"trees_s0.8_r3_scale0.01_rep1",0,1,1,1
"trees_s0.8_r3_scale0.01_rep10",0,1,1,1
"trees_s0.8_r3_scale0.01_rep2",0,1,1,1
"trees_s0.8_r3_scale0.01_rep3",0,1,1,1
"trees_s0.8_r3_scale0.01_rep4",0,1,1,1
"trees_s0.8_r3_scale0.01_rep5",0.00909090909090909,0.947368421052632,0.9,1
"trees_s0.8_r3_scale0.01_rep6",0,1,1,1
"trees_s0.8_r3_scale0.01_rep7",0,1,1,1
"trees_s0.8_r3_scale0.01_rep8",0,1,1,1
"trees_s0.8_r3_scale0.01_rep9",0,1,1,1
"trees_s0.8_r3_scale0.1_rep1",0,1,1,1
"trees_s0.8_r3_scale0.1_rep10",0,1,1,1
"trees_s0.8_r3_scale0.1_rep2",0,1,1,1
"trees_s0.8_r3_scale0.1_rep3",0,1,1,1
"trees_s0.8_r3_scale0.1_rep4",0,1,1,1
"trees_s0.8_r3_scale0.1_rep5",0,1,1,1
"trees_s0.8_r3_scale0.1_rep6",0,1,1,1
"trees_s0.8_r3_scale0.1_rep7",0,1,1,1
"trees_s0.8_r3_scale0.1_rep8",0.00909059636363636,0.947368421052632,0.9,1
"trees_s0.8_r3_scale0.1_rep9",0,1,1,1
"trees_s0.8_r3_scale1.0_rep1",0,1,1,1
"trees_s0.8_r3_scale1.0_rep10",0,1,1,1
"trees_s0.8_r3_scale1.0_rep2",0,1,1,1
"trees_s0.8_r3_scale1.0_rep3",0,1,1,1
"trees_s0.8_r3_scale1.0_rep4",0,1,1,1
"trees_s0.8_r3_scale1.0_rep5",0,1,1,1
"trees_s0.8_r3_scale1.0_rep6",0,1,1,1
"trees_s0.8_r3_scale1.0_rep7",0,1,1,1
"trees_s0.8_r3_scale1.0_rep8",0,1,1,1
"trees_s0.8_r3_scale1.0_rep9",0,1,1,1
"trees_s0.8_r3_scale10.0_rep1",0,1,1,1
"trees_s0.8_r3_scale10.0_rep10",0,1,1,1
"trees_s0.8_r3_scale10.0_rep2",0,1,1,1
"trees_s0.8_r3_scale10.0_rep3",0,1,1,1
"trees_s0.8_r3_scale10.0_rep4",0,1,1,1
"trees_s0.8_r3_scale10.0_rep5",0,1,1,1
"trees_s0.8_r3_scale10.0_rep6",0,1,1,1
"trees_s0.8_r3_scale10.0_rep7",0,1,1,1
"trees_s0.8_r3_scale10.0_rep8",0,1,1,1
"trees_s0.8_r3_scale10.0_rep9",0,1,1,1
"trees_s1.0_r3_scale0.001_rep1",0,1,1,1
"trees_s1.0_r3_scale0.001_rep10",0,1,1,1
"trees_s1.0_r3_scale0.001_rep2",0.0238095235714286,0.823529411764706,0.7,1
"trees_s1.0_r3_scale0.001_rep3",0.00909090909090909,0.947368421052632,0.9,1
"trees_s1.0_r3_scale0.001_rep4",0.0166666666666667,0.888888888888889,0.8,1
"trees_s1.0_r3_scale0.001_rep5",0,1,1,1
"trees_s1.0_r3_scale0.001_rep6",0.00909090909090909,0.947368421052632,0.9,1
"trees_s1.0_r3_scale0.001_rep7",0.0166666666666667,0.888888888888889,0.8,1
"trees_s1.0_r3_scale0.001_rep8",0.00909090909090909,0.947368421052632,0.9,1
"trees_s1.0_r3_scale0.001_rep9",0.00909090909090909,0.947368421052632,0.9,1
"trees_s1.0_r3_scale0.01_rep1",0,1,1,1
"trees_s1.0_r3_scale0.01_rep10",0,1,1,1
"trees_s1.0_r3_scale0.01_rep2",0,1,1,1
"trees_s1.0_r3_scale0.01_rep3",0,1,1,1
"trees_s1.0_r3_scale0.01_rep4",0,1,1,1
"trees_s1.0_r3_scale0.01_rep5",0,1,1,1
"trees_s1.0_r3_scale0.01_rep6",0,1,1,1
"trees_s1.0_r3_scale0.01_rep7",0,1,1,1
"trees_s1.0_r3_scale0.01_rep8",0,1,1,1
"trees_s1.0_r3_scale0.01_rep9",0,1,1,1
"trees_s1.0_r3_scale0.1_rep1",0,1,1,1
"trees_s1.0_r3_scale0.1_rep10",0,1,1,1
"trees_s1.0_r3_scale0.1_rep2",0,1,1,1
"trees_s1.0_r3_scale0.1_rep3",0,1,1,1
"trees_s1.0_r3_scale0.1_rep4",0,1,1,1
"trees_s1.0_r3_scale0.1_rep5",0,1,1,1
"trees_s1.0_r3_scale0.1_rep6",0,1,1,1
"trees_s1.0_r3_scale0.1_rep7",0,1,1,1
"trees_s1.0_r3_scale0.1_rep8",0,1,1,1
"trees_s1.0_r3_scale0.1_rep9",0,1,1,1
"trees_s1.0_r3_scale1.0_rep1",0,1,1,1
"trees_s1.0_r3_scale1.0_rep10",0,1,1,1
"trees_s1.0_r3_scale1.0_rep2",0,1,1,1
"trees_s1.0_r3_scale1.0_rep3",0,1,1,1
"trees_s1.0_r3_scale1.0_rep4",0,1,1,1
"trees_s1.0_r3_scale1.0_rep5",0,1,1,1
"trees_s1.0_r3_scale1.0_rep6",0,1,1,1
"trees_s1.0_r3_scale1.0_rep7",0,1,1,1
"trees_s1.0_r3_scale1.0_rep8",0,1,1,1
"trees_s1.0_r3_scale1.0_rep9",0,1,1,1
"trees_s1.0_r3_scale10.0_rep1",0,1,1,1
"trees_s1.0_r3_scale10.0_rep10",0,1,1,1
"trees_s1.0_r3_scale10.0_rep2",0,1,1,1
"trees_s1.0_r3_scale10.0_rep3",0,1,1,1
"trees_s1.0_r3_scale10.0_rep4",0,1,1,1
"trees_s1.0_r3_scale10.0_rep5",0,1,1,1
"trees_s1.0_r3_scale10.0_rep6",0,1,1,1
"trees_s1.0_r3_scale10.0_rep7",0,1,1,1
"trees_s1.0_r3_scale10.0_rep8",0,1,1,1
"trees_s1.0_r3_scale10.0_rep9",0,1,1,1
