REGION	POS	REF	ALT	REF_DP	REF_RV	REF_QUAL	ALT_DP	ALT_RV	ALT_QUAL	ALT_FREQ	TOTAL_DP	PVAL	PASS	GFF_FEATURE	REF_CODON	REF_AA	ALT_CODON	ALT_AA
NC_045512.2	1	G	T	1000.0	0	33	0.0	0	33	0.0	1000	0	TRUE	NA	NA	NA	NA	NA
NC_045512.2	1	G	C	1000.0	0	33	0.0	0	33	0.0	1000	0	TRUE	NA	NA	NA	NA	NA
NC_045512.2	3	A	T	1000.0	0	33	0.0	0	33	0.0	1000	0	TRUE	NA	NA	NA	NA	NA
NC_045512.2	4	T	C	1000.0	0	33	0.0	0	33	0.0	1000	0	TRUE	NA	NA	NA	NA	NA
NC_045512.2	5	G	T	330.07849006033683	0	33	669.9215099396631	0	33	0.6699215099396632	1000	0	TRUE	NA	NA	NA	NA	NA
NC_045512.2	6	C	T	1000.0	0	33	0.0	0	33	0.0	1000	0	TRUE	NA	NA	NA	NA	NA
NC_045512.2	12	G	T	1.1102230246251565e-13	0	33	999.9999999999999	0	33	0.9999999999999999	1000	0	TRUE	NA	NA	NA	NA	NA
NC_045512.2	13	G	C	757.938956574506	0	33	0.0	0	33	0.0	1000	0	TRUE	NA	NA	NA	NA	NA
NC_045512.2	13	G	T	757.938956574506	0	33	242.06104342549395	0	33	0.24206104342549395	1000	0	TRUE	NA	NA	NA	NA	NA
NC_045512.2	14	A	G	1000.0	0	33	0.0	0	33	0.0	1000	0	TRUE	NA	NA	NA	NA	NA
NC_045512.2	15	G	T	330.07849006033683	0	33	411.8049080241083	0	33	0.4118049080241083	1000	0	TRUE	NA	NA	NA	NA	NA
NC_045512.2	15	G	C	330.07849006033683	0	33	258.11660191555484	0	33	0.25811660191555486	1000	0	TRUE	NA	NA	NA	NA	NA
NC_045512.2	16	T	C	1000.0	0	33	0.0	0	33	0.0	1000	0	TRUE	NA	NA	NA	NA	NA
NC_045512.2	16	T	G	1000.0	0	33	0.0	0	33	0.0	1000	0	TRUE	NA	NA	NA	NA	NA
NC_045512.2	17	C	A	1000.0	0	33	0.0	0	33	0.0	1000	0	TRUE	NA	NA	NA	NA	NA
NC_045512.2	17	C	T	1000.0	0	33	0.0	0	33	0.0	1000	0	TRUE	NA	NA	NA	NA	NA
NC_045512.2	18	C	T	1.1102230246251565e-13	0	33	999.9999999999999	0	33	0.9999999999999999	1000	0	TRUE	NA	NA	NA	NA	NA
NC_045512.2	18	C	G	1.1102230246251565e-13	0	33	0.0	0	33	0.0	1000	0	TRUE	NA	NA	NA	NA	NA
NC_045512.2	19	C	G	1000.0	0	33	0.0	0	33	0.0	1000	0	TRUE	NA	NA	NA	NA	NA
NC_045512.2	19	C	T	1000.0	0	33	0.0	0	33	0.0	1000	0	TRUE	NA	NA	NA	NA	NA
NC_045512.2	20	G	T	757.938956574506	0	33	242.06104342549395	0	33	0.24206104342549395	1000	0	TRUE	NA	NA	NA	NA	NA
NC_045512.2	21	C	T	88.0174466348429	0	33	911.9825533651571	0	33	0.9119825533651571	1000	0	TRUE	NA	NA	NA	NA	NA
NC_045512.2	21	C	G	88.0174466348429	0	33	0.0	0	33	0.0	1000	0	TRUE	NA	NA	NA	NA	NA
NC_045512.2	23	G	T	88.0174466348429	0	33	0.0	0	33	0.0	1000	0	TRUE	NA	NA	NA	NA	NA
NC_045512.2	23	G	C	88.0174466348429	0	33	911.9825533651571	0	33	0.9119825533651571	1000	0	TRUE	NA	NA	NA	NA	NA
NC_045512.2	24	T	C	88.0174466348429	0	33	911.9825533651571	0	33	0.9119825533651571	1000	0	TRUE	NA	NA	NA	NA	NA
NC_045512.2	26	C	T	757.938956574506	0	33	242.06104342549395	0	33	0.24206104342549395	1000	0	TRUE	NA	NA	NA	NA	NA
NC_045512.2	27	T	G	1000.0	0	33	0.0	0	33	0.0	1000	0	TRUE	NA	NA	NA	NA	NA
NC_045512.2	27	T	C	1000.0	0	33	0.0	0	33	0.0	1000	0	TRUE	NA	NA	NA	NA	NA
NC_045512.2	28	C	G	330.07849006033683	0	33	669.9215099396631	0	33	0.6699215099396632	1000	0	TRUE	NA	NA	NA	NA	NA
NC_045512.2	28	C	T	330.07849006033683	0	33	0.0	0	33	0.0	1000	0	TRUE	NA	NA	NA	NA	NA
NC_045512.2	29	C	T	330.07849006033683	0	33	669.9215099396631	0	33	0.6699215099396632	1000	0	TRUE	NA	NA	NA	NA	NA
NC_045512.2	30	G	T	1000.0	0	33	0.0	0	33	0.0	1000	0	TRUE	NA	NA	NA	NA	NA
NC_045512.2	31	G	T	1000.0	0	33	0.0	0	33	0.0	1000	0	TRUE	NA	NA	NA	NA	NA
NC_045512.2	32	C	G	330.07849006033683	0	33	0.0	0	33	0.0	1000	0	TRUE	NA	NA	NA	NA	NA
NC_045512.2	32	C	T	330.07849006033683	0	33	669.9215099396631	0	33	0.6699215099396632	1000	0	TRUE	NA	NA	NA	NA	NA
NC_045512.2	33	C	G	1000.0	0	33	0.0	0	33	0.0	1000	0	TRUE	NA	NA	NA	NA	NA
NC_045512.2	34	T	C	330.07849006033683	0	33	0.0	0	33	0.0	1000	0	TRUE	NA	NA	NA	NA	NA
NC_045512.2	34	T	G	330.07849006033683	0	33	669.9215099396631	0	33	0.6699215099396632	1000	0	TRUE	NA	NA	NA	NA	NA
NC_045512.2	35	C	T	330.07849006033683	0	33	669.9215099396631	0	33	0.6699215099396632	1000	0	TRUE	NA	NA	NA	NA	NA
NC_045512.2	36	T	C	330.07849006033683	0	33	669.9215099396631	0	33	0.6699215099396632	1000	0	TRUE	NA	NA	NA	NA	NA
NC_045512.2	36	T	G	330.07849006033683	0	33	0.0	0	33	0.0	1000	0	TRUE	NA	NA	NA	NA	NA
NC_045512.2	37	T	C	88.0174466348429	0	33	0.0	0	33	0.0	1000	0	TRUE	NA	NA	NA	NA	NA
NC_045512.2	37	T	G	88.0174466348429	0	33	911.9825533651571	0	33	0.9119825533651571	1000	0	TRUE	NA	NA	NA	NA	NA
NC_045512.2	38	T	G	757.938956574506	0	33	242.06104342549395	0	33	0.24206104342549395	1000	0	TRUE	NA	NA	NA	NA	NA
NC_045512.2	38	T	C	757.938956574506	0	33	0.0	0	33	0.0	1000	0	TRUE	NA	NA	NA	NA	NA
NC_045512.2	39	T	A	757.938956574506	0	33	0.0	0	33	0.0	1000	0	TRUE	NA	NA	NA	NA	NA
NC_045512.2	39	T	C	757.938956574506	0	33	242.06104342549395	0	33	0.24206104342549395	1000	0	TRUE	NA	NA	NA	NA	NA
NC_045512.2	40	G	A	1000.0	0	33	0.0	0	33	0.0	1000	0	TRUE	NA	NA	NA	NA	NA
NC_045512.2	42	G	C	1000.0	0	33	0.0	0	33	0.0	1000	0	TRUE	NA	NA	NA	NA	NA
NC_045512.2	43	A	G	1000.0	0	33	0.0	0	33	0.0	1000	0	TRUE	NA	NA	NA	NA	NA
NC_045512.2	45	A	G	1000.0	0	33	0.0	0	33	0.0	1000	0	TRUE	NA	NA	NA	NA	NA
NC_045512.2	46	C	T	1000.0	0	33	0.0	0	33	0.0	1000	0	TRUE	NA	NA	NA	NA	NA
NC_045512.2	47	C	T	1000.0	0	33	0.0	0	33	0.0	1000	0	TRUE	NA	NA	NA	NA	NA
NC_045512.2	49	G	T	1000.0	0	33	0.0	0	33	0.0	1000	0	TRUE	NA	NA	NA	NA	NA
NC_045512.2	51	G	T	1000.0	0	33	0.0	0	33	0.0	1000	0	TRUE	NA	NA	NA	NA	NA
NC_045512.2	53	A	G	757.938956574506	0	33	242.06104342549395	0	33	0.24206104342549395	1000	0	TRUE	NA	NA	NA	NA	NA
NC_045512.2	53	A	C	757.938956574506	0	33	0.0	0	33	0.0	1000	0	TRUE	NA	NA	NA	NA	NA
NC_045512.2	54	C	T	741.8833980844452	0	33	258.11660191555484	0	33	0.25811660191555486	1000	0	TRUE	NA	NA	NA	NA	NA
NC_045512.2	55	T	C	330.07849006033683	0	33	669.9215099396631	0	33	0.6699215099396632	1000	0	TRUE	NA	NA	NA	NA	NA
NC_045512.2	56	T	C	757.938956574506	0	33	242.06104342549395	0	33	0.24206104342549395	1000	0	TRUE	NA	NA	NA	NA	NA
NC_045512.2	56	T	G	757.938956574506	0	33	0.0	0	33	0.0	1000	0	TRUE	NA	NA	NA	NA	NA
NC_045512.2	57	T	C	1000.0	0	33	0.0	0	33	0.0	1000	0	TRUE	NA	NA	NA	NA	NA
NC_045512.2	57	T	G	1000.0	0	33	0.0	0	33	0.0	1000	0	TRUE	NA	NA	NA	NA	NA
NC_045512.2	59	G	T	1000.0	0	33	0.0	0	33	0.0	1000	0	TRUE	NA	NA	NA	NA	NA
NC_045512.2	60	G	T	1000.0	0	33	0.0	0	33	0.0	1000	0	TRUE	NA	NA	NA	NA	NA
NC_045512.2	61	G	C	499.8223546589512	0	33	242.06104342549395	0	33	0.24206104342549395	1000	0	TRUE	NA	NA	NA	NA	NA
NC_045512.2	61	G	T	499.8223546589512	0	33	258.11660191555484	0	33	0.25811660191555486	1000	0	TRUE	NA	NA	NA	NA	NA
NC_045512.2	62	C	T	1000.0	0	33	0.0	0	33	0.0	1000	0	TRUE	NA	NA	NA	NA	NA
NC_045512.2	63	G	T	330.07849006033683	0	33	669.9215099396631	0	33	0.6699215099396632	1000	0	TRUE	NA	NA	NA	NA	NA
NC_045512.2	64	G	T	1000.0	0	33	0.0	0	33	0.0	1000	0	TRUE	NA	NA	NA	NA	NA
NC_045512.2	64	G	A	1000.0	0	33	0.0	0	33	0.0	1000	0	TRUE	NA	NA	NA	NA	NA
NC_045512.2	65	T	C	1000.0	0	33	0.0	0	33	0.0	1000	0	TRUE	NA	NA	NA	NA	NA
NC_045512.2	65	T	G	1000.0	0	33	0.0	0	33	0.0	1000	0	TRUE	NA	NA	NA	NA	NA
NC_045512.2	66	G	T	757.938956574506	0	33	242.06104342549395	0	33	0.24206104342549395	1000	0	TRUE	NA	NA	NA	NA	NA
NC_045512.2	67	T	G	330.07849006033683	0	33	669.9215099396631	0	33	0.6699215099396632	1000	0	TRUE	NA	NA	NA	NA	NA
NC_045512.2	68	T	C	242.06104342549406	0	33	88.01744663484281	0	33	0.08801744663484282	1000	0	TRUE	NA	NA	NA	NA	NA
NC_045512.2	68	T	G	242.06104342549406	0	33	669.9215099396631	0	33	0.6699215099396632	1000	0	TRUE	NA	NA	NA	NA	NA
NC_045512.2	69	G	C	757.938956574506	0	33	0.0	0	33	0.0	1000	0	TRUE	NA	NA	NA	NA	NA
NC_045512.2	69	G	T	757.938956574506	0	33	242.06104342549395	0	33	0.24206104342549395	1000	0	TRUE	NA	NA	NA	NA	NA
NC_045512.2	69	G	A	757.938956574506	0	33	0.0	0	33	0.0	1000	0	TRUE	NA	NA	NA	NA	NA
NC_045512.2	71	T	C	330.07849006033683	0	33	669.9215099396631	0	33	0.6699215099396632	1000	0	TRUE	NA	NA	NA	NA	NA
NC_045512.2	72	G	T	1000.0	0	33	0.0	0	33	0.0	1000	0	TRUE	NA	NA	NA	NA	NA
NC_045512.2	74	T	C	669.9215099396632	0	33	330.0784900603367	0	33	0.33007849006033674	1000	0	TRUE	NA	NA	NA	NA	NA
NC_045512.2	77	G	T	1000.0	0	33	0.0	0	33	0.0	1000	0	TRUE	NA	NA	NA	NA	NA
NC_045512.2	77	G	A	1000.0	0	33	0.0	0	33	0.0	1000	0	TRUE	NA	NA	NA	NA	NA
NC_045512.2	79	T	G	757.938956574506	0	33	242.06104342549395	0	33	0.24206104342549395	1000	0	TRUE	NA	NA	NA	NA	NA
NC_045512.2	80	C	T	1000.0	0	33	0.0	0	33	0.0	1000	0	TRUE	NA	NA	NA	NA	NA
NC_045512.2	81	G	C	88.0174466348429	0	33	242.06104342549395	0	33	0.24206104342549395	1000	0	TRUE	NA	NA	NA	NA	NA
NC_045512.2	81	G	T	88.0174466348429	0	33	669.9215099396631	0	33	0.6699215099396632	1000	0	TRUE	NA	NA	NA	NA	NA
NC_045512.2	83	T	C	330.07849006033683	0	33	0.0	0	33	0.0	1000	0	TRUE	NA	NA	NA	NA	NA
NC_045512.2	83	T	G	330.07849006033683	0	33	669.9215099396631	0	33	0.6699215099396632	1000	0	TRUE	NA	NA	NA	NA	NA
NC_045512.2	84	T	C	88.0174466348429	0	33	242.06104342549395	0	33	0.24206104342549395	1000	0	TRUE	NA	NA	NA	NA	NA
NC_045512.2	84	T	A	88.0174466348429	0	33	0.0	0	33	0.0	1000	0	TRUE	NA	NA	NA	NA	NA
NC_045512.2	84	T	G	88.0174466348429	0	33	669.9215099396631	0	33	0.6699215099396632	1000	0	TRUE	NA	NA	NA	NA	NA
NC_045512.2	85	T	G	1000.0	0	33	0.0	0	33	0.0	1000	0	TRUE	NA	NA	NA	NA	NA
NC_045512.2	86	A	C	1000.0	0	33	0.0	0	33	0.0	1000	0	TRUE	NA	NA	NA	NA	NA
NC_045512.2	87	C	T	330.07849006033683	0	33	669.9215099396631	0	33	0.6699215099396632	1000	0	TRUE	NA	NA	NA	NA	NA
NC_045512.2	91	G	T	1000.0	0	33	0.0	0	33	0.0	1000	0	TRUE	NA	NA	NA	NA	NA
NC_045512.2	93	C	T	1000.0	0	33	0.0	0	33	0.0	1000	0	TRUE	NA	NA	NA	NA	NA
NC_045512.2	94	T	G	669.9215099396632	0	33	330.0784900603367	0	33	0.33007849006033674	1000	0	TRUE	NA	NA	NA	NA	NA
NC_045512.2	95	G	T	1000.0	0	33	0.0	0	33	0.0	1000	0	TRUE	NA	NA	NA	NA	NA
NC_045512.2	96	G	T	1000.0	0	33	0.0	0	33	0.0	1000	0	TRUE	NA	NA	NA	NA	NA
NC_045512.2	97	C	T	1000.0	0	33	0.0	0	33	0.0	1000	0	TRUE	NA	NA	NA	NA	NA
NC_045512.2	98	C	T	757.938956574506	0	33	242.06104342549395	0	33	0.24206104342549395	1000	0	TRUE	NA	NA	NA	NA	NA
NC_045512.2	99	G	C	757.938956574506	0	33	0.0	0	33	0.0	1000	0	TRUE	NA	NA	NA	NA	NA
NC_045512.2	99	G	T	757.938956574506	0	33	242.06104342549395	0	33	0.24206104342549395	1000	0	TRUE	NA	NA	NA	NA	NA
NC_045512.2	102	C	T	1000.0	0	33	0.0	0	33	0.0	1000	0	TRUE	NA	NA	NA	NA	NA
NC_045512.2	105	T	C	1000.0	0	33	0.0	0	33	0.0	1000	0	TRUE	NA	NA	NA	NA	NA
NC_045512.2	105	T	G	1000.0	0	33	0.0	0	33	0.0	1000	0	TRUE	NA	NA	NA	NA	NA
NC_045512.2	106	G	C	330.07849006033683	0	33	0.0	0	33	0.0	1000	0	TRUE	NA	NA	NA	NA	NA
NC_045512.2	106	G	T	330.07849006033683	0	33	669.9215099396631	0	33	0.6699215099396632	1000	0	TRUE	NA	NA	NA	NA	NA
NC_045512.2	107	A	G	1000.0	0	33	0.0	0	33	0.0	1000	0	TRUE	NA	NA	NA	NA	NA
NC_045512.2	109	C	T	1000.0	0	33	0.0	0	33	0.0	1000	0	TRUE	NA	NA	NA	NA	NA
NC_045512.2	110	T	C	1000.0	0	33	0.0	0	33	0.0	1000	0	TRUE	NA	NA	NA	NA	NA
NC_045512.2	111	G	T	1000.0	0	33	0.0	0	33	0.0	1000	0	TRUE	NA	NA	NA	NA	NA
NC_045512.2	114	T	C	88.0174466348429	0	33	911.9825533651571	0	33	0.9119825533651571	1000	0	TRUE	NA	NA	NA	NA	NA
NC_045512.2	114	T	G	88.0174466348429	0	33	0.0	0	33	0.0	1000	0	TRUE	NA	NA	NA	NA	NA
NC_045512.2	115	C	G	88.0174466348429	0	33	669.9215099396631	0	33	0.6699215099396632	1000	0	TRUE	NA	NA	NA	NA	NA
NC_045512.2	115	C	T	88.0174466348429	0	33	242.06104342549395	0	33	0.24206104342549395	1000	0	TRUE	NA	NA	NA	NA	NA
NC_045512.2	116	C	T	1000.0	0	33	0.0	0	33	0.0	1000	0	TRUE	NA	NA	NA	NA	NA
NC_045512.2	118	C	T	757.938956574506	0	33	242.06104342549395	0	33	0.24206104342549395	1000	0	TRUE	NA	NA	NA	NA	NA
NC_045512.2	119	C	G	1000.0	0	33	0.0	0	33	0.0	1000	0	TRUE	NA	NA	NA	NA	NA
NC_045512.2	119	C	T	1000.0	0	33	0.0	0	33	0.0	1000	0	TRUE	NA	NA	NA	NA	NA
NC_045512.2	120	C	T	669.9215099396632	0	33	330.0784900603367	0	33	0.33007849006033674	1000	0	TRUE	NA	NA	NA	NA	NA
NC_045512.2	122	T	C	330.07849006033683	0	33	0.0	0	33	0.0	1000	0	TRUE	NA	NA	NA	NA	NA
NC_045512.2	122	T	G	330.07849006033683	0	33	669.9215099396631	0	33	0.6699215099396632	1000	0	TRUE	NA	NA	NA	NA	NA
NC_045512.2	124	C	G	757.938956574506	0	33	242.06104342549395	0	33	0.24206104342549395	1000	0	TRUE	NA	NA	NA	NA	NA
NC_045512.2	124	C	T	757.938956574506	0	33	0.0	0	33	0.0	1000	0	TRUE	NA	NA	NA	NA	NA
NC_045512.2	125	C	A	88.0174466348429	0	33	0.0	0	33	0.0	1000	0	TRUE	NA	NA	NA	NA	NA
NC_045512.2	125	C	T	88.0174466348429	0	33	911.9825533651571	0	33	0.9119825533651571	1000	0	TRUE	NA	NA	NA	NA	NA
NC_045512.2	127	T	C	1000.0	0	33	0.0	0	33	0.0	1000	0	TRUE	NA	NA	NA	NA	NA
NC_045512.2	128	C	G	757.938956574506	0	33	242.06104342549395	0	33	0.24206104342549395	1000	0	TRUE	NA	NA	NA	NA	NA
NC_045512.2	128	C	T	757.938956574506	0	33	0.0	0	33	0.0	1000	0	TRUE	NA	NA	NA	NA	NA
NC_045512.2	129	G	T	88.0174466348429	0	33	911.9825533651571	0	33	0.9119825533651571	1000	0	TRUE	NA	NA	NA	NA	NA
NC_045512.2	129	G	C	88.0174466348429	0	33	0.0	0	33	0.0	1000	0	TRUE	NA	NA	NA	NA	NA
NC_045512.2	129	G	A	88.0174466348429	0	33	0.0	0	33	0.0	1000	0	TRUE	NA	NA	NA	NA	NA
NC_045512.2	130	T	C	88.0174466348429	0	33	0.0	0	33	0.0	1000	0	TRUE	NA	NA	NA	NA	NA
NC_045512.2	130	T	G	88.0174466348429	0	33	911.9825533651571	0	33	0.9119825533651571	1000	0	TRUE	NA	NA	NA	NA	NA
NC_045512.2	131	T	C	88.0174466348429	0	33	911.9825533651571	0	33	0.9119825533651571	1000	0	TRUE	NA	NA	NA	NA	NA
NC_045512.2	132	G	T	1000.0	0	33	0.0	0	33	0.0	1000	0	TRUE	NA	NA	NA	NA	NA
NC_045512.2	133	T	C	88.0174466348429	0	33	669.9215099396631	0	33	0.6699215099396632	1000	0	TRUE	NA	NA	NA	NA	NA
NC_045512.2	133	T	G	88.0174466348429	0	33	242.06104342549395	0	33	0.24206104342549395	1000	0	TRUE	NA	NA	NA	NA	NA
NC_045512.2	134	G	A	330.07849006033683	0	33	669.9215099396631	0	33	0.6699215099396632	1000	0	TRUE	NA	NA	NA	NA	NA
NC_045512.2	134	G	T	330.07849006033683	0	33	0.0	0	33	0.0	1000	0	TRUE	NA	NA	NA	NA	NA
NC_045512.2	135	C	T	1000.0	0	33	0.0	0	33	0.0	1000	0	TRUE	NA	NA	NA	NA	NA
NC_045512.2	137	C	T	330.07849006033683	0	33	669.9215099396631	0	33	0.6699215099396632	1000	0	TRUE	NA	NA	NA	NA	NA
NC_045512.2	138	G	C	757.938956574506	0	33	242.06104342549395	0	33	0.24206104342549395	1000	0	TRUE	NA	NA	NA	NA	NA
NC_045512.2	138	G	T	757.938956574506	0	33	0.0	0	33	0.0	1000	0	TRUE	NA	NA	NA	NA	NA
NC_045512.2	139	T	C	1000.0	0	33	0.0	0	33	0.0	1000	0	TRUE	NA	NA	NA	NA	NA
NC_045512.2	140	T	G	1000.0	0	33	0.0	0	33	0.0	1000	0	TRUE	NA	NA	NA	NA	NA
NC_045512.2	140	T	C	1000.0	0	33	0.0	0	33	0.0	1000	0	TRUE	NA	NA	NA	NA	NA
NC_045512.2	141	T	C	1000.0	0	33	0.0	0	33	0.0	1000	0	TRUE	NA	NA	NA	NA	NA
NC_045512.2	141	T	G	1000.0	0	33	0.0	0	33	0.0	1000	0	TRUE	NA	NA	NA	NA	NA
NC_045512.2	142	A	T	1000.0	0	33	0.0	0	33	0.0	1000	0	TRUE	NA	NA	NA	NA	NA
NC_045512.2	147	G	T	1000.0	0	33	0.0	0	33	0.0	1000	0	TRUE	NA	NA	NA	NA	NA
NC_045512.2	147	G	C	1000.0	0	33	0.0	0	33	0.0	1000	0	TRUE	NA	NA	NA	NA	NA
NC_045512.2	148	G	T	88.0174466348429	0	33	669.9215099396631	0	33	0.6699215099396632	1000	0	TRUE	NA	NA	NA	NA	NA
NC_045512.2	148	G	C	88.0174466348429	0	33	242.06104342549395	0	33	0.24206104342549395	1000	0	TRUE	NA	NA	NA	NA	NA
NC_045512.2	149	T	C	88.0174466348429	0	33	0.0	0	33	0.0	1000	0	TRUE	NA	NA	NA	NA	NA
NC_045512.2	149	T	G	88.0174466348429	0	33	911.9825533651571	0	33	0.9119825533651571	1000	0	TRUE	NA	NA	NA	NA	NA
NC_045512.2	149	T	A	88.0174466348429	0	33	0.0	0	33	0.0	1000	0	TRUE	NA	NA	NA	NA	NA
NC_045512.2	154	G	T	1000.0	0	33	0.0	0	33	0.0	1000	0	TRUE	NA	NA	NA	NA	NA
NC_045512.2	157	C	T	1000.0	0	33	0.0	0	33	0.0	1000	0	TRUE	NA	NA	NA	NA	NA
NC_045512.2	159	T	C	88.0174466348429	0	33	911.9825533651571	0	33	0.9119825533651571	1000	0	TRUE	NA	NA	NA	NA	NA
NC_045512.2	159	T	G	88.0174466348429	0	33	0.0	0	33	0.0	1000	0	TRUE	NA	NA	NA	NA	NA
NC_045512.2	160	C	G	1000.0	0	33	0.0	0	33	0.0	1000	0	TRUE	NA	NA	NA	NA	NA
NC_045512.2	160	C	A	1000.0	0	33	0.0	0	33	0.0	1000	0	TRUE	NA	NA	NA	NA	NA
NC_045512.2	160	C	T	1000.0	0	33	0.0	0	33	0.0	1000	0	TRUE	NA	NA	NA	NA	NA
NC_045512.2	162	C	T	88.0174466348429	0	33	911.9825533651571	0	33	0.9119825533651571	1000	0	TRUE	NA	NA	NA	NA	NA
NC_045512.2	162	C	G	88.0174466348429	0	33	0.0	0	33	0.0	1000	0	TRUE	NA	NA	NA	NA	NA
NC_045512.2	165	C	G	757.938956574506	0	33	0.0	0	33	0.0	1000	0	TRUE	NA	NA	NA	NA	NA
NC_045512.2	165	C	T	757.938956574506	0	33	242.06104342549395	0	33	0.24206104342549395	1000	0	TRUE	NA	NA	NA	NA	NA
NC_045512.2	166	C	T	1000.0	0	33	0.0	0	33	0.0	1000	0	TRUE	NA	NA	NA	NA	NA
NC_045512.2	170	T	G	757.938956574506	0	33	0.0	0	33	0.0	1000	0	TRUE	NA	NA	NA	NA	NA
NC_045512.2	170	T	C	757.938956574506	0	33	242.06104342549395	0	33	0.24206104342549395	1000	0	TRUE	NA	NA	NA	NA	NA
NC_045512.2	171	C	T	1000.0	0	33	0.0	0	33	0.0	1000	0	TRUE	NA	NA	NA	NA	NA
NC_045512.2	172	T	C	757.938956574506	0	33	242.06104342549395	0	33	0.24206104342549395	1000	0	TRUE	NA	NA	NA	NA	NA
NC_045512.2	173	T	C	1000.0	0	33	0.0	0	33	0.0	1000	0	TRUE	NA	NA	NA	NA	NA
NC_045512.2	173	T	G	1000.0	0	33	0.0	0	33	0.0	1000	0	TRUE	NA	NA	NA	NA	NA
NC_045512.2	174	A	G	1000.0	0	33	0.0	0	33	0.0	1000	0	TRUE	NA	NA	NA	NA	NA
NC_045512.2	175	C	T	88.0174466348429	0	33	911.9825533651571	0	33	0.9119825533651571	1000	0	TRUE	NA	NA	NA	NA	NA
NC_045512.2	177	C	T	1000.0	0	33	0.0	0	33	0.0	1000	0	TRUE	NA	NA	NA	NA	NA
NC_045512.2	178	G	T	588.1950919758917	0	33	411.8049080241083	0	33	0.4118049080241083	1000	0	TRUE	NA	NA	NA	NA	NA
NC_045512.2	179	G	T	1000.0	0	33	0.0	0	33	0.0	1000	0	TRUE	NA	NA	NA	NA	NA
NC_045512.2	180	T	G	1000.0	0	33	0.0	0	33	0.0	1000	0	TRUE	NA	NA	NA	NA	NA
NC_045512.2	180	T	C	1000.0	0	33	0.0	0	33	0.0	1000	0	TRUE	NA	NA	NA	NA	NA
NC_045512.2	182	T	C	1000.0	0	33	0.0	0	33	0.0	1000	0	TRUE	NA	NA	NA	NA	NA
NC_045512.2	182	T	G	1000.0	0	33	0.0	0	33	0.0	1000	0	TRUE	NA	NA	NA	NA	NA
NC_045512.2	183	C	G	757.938956574506	0	33	0.0	0	33	0.0	1000	0	TRUE	NA	NA	NA	NA	NA
NC_045512.2	183	C	T	757.938956574506	0	33	242.06104342549395	0	33	0.24206104342549395	1000	0	TRUE	NA	NA	NA	NA	NA
NC_045512.2	185	T	G	88.0174466348429	0	33	911.9825533651571	0	33	0.9119825533651571	1000	0	TRUE	NA	NA	NA	NA	NA
NC_045512.2	185	T	C	88.0174466348429	0	33	0.0	0	33	0.0	1000	0	TRUE	NA	NA	NA	NA	NA
NC_045512.2	186	T	C	757.938956574506	0	33	242.06104342549395	0	33	0.24206104342549395	1000	0	TRUE	NA	NA	NA	NA	NA
NC_045512.2	186	T	G	757.938956574506	0	33	0.0	0	33	0.0	1000	0	TRUE	NA	NA	NA	NA	NA
NC_045512.2	187	C	T	1000.0	0	33	0.0	0	33	0.0	1000	0	TRUE	NA	NA	NA	NA	NA
NC_045512.2	188	C	T	1000.0	0	33	0.0	0	33	0.0	1000	0	TRUE	NA	NA	NA	NA	NA
NC_045512.2	189	G	T	1000.0	0	33	0.0	0	33	0.0	1000	0	TRUE	NA	NA	NA	NA	NA
NC_045512.2	189	G	C	1000.0	0	33	0.0	0	33	0.0	1000	0	TRUE	NA	NA	NA	NA	NA
NC_045512.2	190	T	G	1000.0	0	33	0.0	0	33	0.0	1000	0	TRUE	NA	NA	NA	NA	NA
NC_045512.2	191	C	T	1000.0	0	33	0.0	0	33	0.0	1000	0	TRUE	NA	NA	NA	NA	NA
NC_045512.2	192	C	G	1000.0	0	33	0.0	0	33	0.0	1000	0	TRUE	NA	NA	NA	NA	NA
NC_045512.2	192	C	T	1000.0	0	33	0.0	0	33	0.0	1000	0	TRUE	NA	NA	NA	NA	NA
NC_045512.2	193	A	G	741.8833980844452	0	33	258.11660191555484	0	33	0.25811660191555486	1000	0	TRUE	NA	NA	NA	NA	NA
NC_045512.2	195	T	G	757.938956574506	0	33	242.06104342549395	0	33	0.24206104342549395	1000	0	TRUE	NA	NA	NA	NA	NA
NC_045512.2	195	T	C	757.938956574506	0	33	0.0	0	33	0.0	1000	0	TRUE	NA	NA	NA	NA	NA
NC_045512.2	196	A	G	1000.0	0	33	0.0	0	33	0.0	1000	0	TRUE	NA	NA	NA	NA	NA
NC_045512.2	198	T	C	1.1102230246251565e-13	0	33	757.9389565745059	0	33	0.7579389565745059	1000	0	TRUE	NA	NA	NA	NA	NA
NC_045512.2	198	T	G	1.1102230246251565e-13	0	33	242.06104342549395	0	33	0.24206104342549395	1000	0	TRUE	NA	NA	NA	NA	NA
NC_045512.2	199	C	G	741.8833980844452	0	33	258.11660191555484	0	33	0.25811660191555486	1000	0	TRUE	NA	NA	NA	NA	NA
NC_045512.2	199	C	T	741.8833980844452	0	33	0.0	0	33	0.0	1000	0	TRUE	NA	NA	NA	NA	NA
NC_045512.2	201	C	T	330.07849006033683	0	33	669.9215099396631	0	33	0.6699215099396632	1000	0	TRUE	NA	NA	NA	NA	NA
NC_045512.2	203	C	T	1.1102230246251565e-13	0	33	999.9999999999999	0	33	0.9999999999999999	1000	0	TRUE	NA	NA	NA	NA	NA
NC_045512.2	205	C	T	757.938956574506	0	33	0.0	0	33	0.0	1000	0	TRUE	NA	NA	NA	NA	NA
NC_045512.2	205	C	A	757.938956574506	0	33	242.06104342549395	0	33	0.24206104342549395	1000	0	TRUE	NA	NA	NA	NA	NA
NC_045512.2	207	C	T	757.938956574506	0	33	242.06104342549395	0	33	0.24206104342549395	1000	0	TRUE	NA	NA	NA	NA	NA
NC_045512.2	209	C	T	1000.0	0	33	0.0	0	33	0.0	1000	0	TRUE	NA	NA	NA	NA	NA
NC_045512.2	210	T	C	741.8833980844452	0	33	258.11660191555484	0	33	0.25811660191555486	1000	0	TRUE	NA	NA	NA	NA	NA
NC_045512.2	210	T	G	741.8833980844452	0	33	0.0	0	33	0.0	1000	0	TRUE	NA	NA	NA	NA	NA
NC_045512.2	213	C	T	1000.0	0	33	0.0	0	33	0.0	1000	0	TRUE	NA	NA	NA	NA	NA
NC_045512.2	214	T	G	1.1102230246251565e-13	0	33	999.9999999999999	0	33	0.9999999999999999	1000	0	TRUE	NA	NA	NA	NA	NA
NC_045512.2	215	T	C	1000.0	0	33	0.0	0	33	0.0	1000	0	TRUE	NA	NA	NA	NA	NA
NC_045512.2	216	G	C	1000.0	0	33	0.0	0	33	0.0	1000	0	TRUE	NA	NA	NA	NA	NA
NC_045512.2	216	G	T	1000.0	0	33	0.0	0	33	0.0	1000	0	TRUE	NA	NA	NA	NA	NA
NC_045512.2	217	G	T	757.938956574506	0	33	242.06104342549395	0	33	0.24206104342549395	1000	0	TRUE	NA	NA	NA	NA	NA
NC_045512.2	219	G	T	1000.0	0	33	0.0	0	33	0.0	1000	0	TRUE	NA	NA	NA	NA	NA
NC_045512.2	219	G	C	1000.0	0	33	0.0	0	33	0.0	1000	0	TRUE	NA	NA	NA	NA	NA
NC_045512.2	220	C	T	330.07849006033683	0	33	669.9215099396631	0	33	0.6699215099396632	1000	0	TRUE	NA	NA	NA	NA	NA
NC_045512.2	222	T	C	88.0174466348429	0	33	242.06104342549395	0	33	0.24206104342549395	1000	0	TRUE	NA	NA	NA	NA	NA
NC_045512.2	222	T	G	88.0174466348429	0	33	669.9215099396631	0	33	0.6699215099396632	1000	0	TRUE	NA	NA	NA	NA	NA
NC_045512.2	223	T	G	1000.0	0	33	0.0	0	33	0.0	1000	0	TRUE	NA	NA	NA	NA	NA
NC_045512.2	224	G	T	1000.0	0	33	0.0	0	33	0.0	1000	0	TRUE	NA	NA	NA	NA	NA
NC_045512.2	227	G	T	757.938956574506	0	33	242.06104342549395	0	33	0.24206104342549395	1000	0	TRUE	NA	NA	NA	NA	NA
NC_045512.2	228	T	G	1.1102230246251565e-13	0	33	999.9999999999999	0	33	0.9999999999999999	1000	0	TRUE	NA	NA	NA	NA	NA
NC_045512.2	228	T	C	1.1102230246251565e-13	0	33	0.0	0	33	0.0	1000	0	TRUE	NA	NA	NA	NA	NA
NC_045512.2	230	G	T	1000.0	0	33	0.0	0	33	0.0	1000	0	TRUE	NA	NA	NA	NA	NA
NC_045512.2	231	C	G	757.938956574506	0	33	242.06104342549395	0	33	0.24206104342549395	1000	0	TRUE	NA	NA	NA	NA	NA
NC_045512.2	231	C	T	757.938956574506	0	33	0.0	0	33	0.0	1000	0	TRUE	NA	NA	NA	NA	NA
NC_045512.2	232	C	T	757.938956574506	0	33	242.06104342549395	0	33	0.24206104342549395	1000	0	TRUE	NA	NA	NA	NA	NA
NC_045512.2	233	T	C	1000.0	0	33	0.0	0	33	0.0	1000	0	TRUE	NA	NA	NA	NA	NA
NC_045512.2	234	A	G	1000.0	0	33	0.0	0	33	0.0	1000	0	TRUE	NA	NA	NA	NA	NA
NC_045512.2	234	A	T	1000.0	0	33	0.0	0	33	0.0	1000	0	TRUE	NA	NA	NA	NA	NA
NC_045512.2	234	A	C	1000.0	0	33	0.0	0	33	0.0	1000	0	TRUE	NA	NA	NA	NA	NA
NC_045512.2	235	T	G	330.07849006033683	0	33	669.9215099396631	0	33	0.6699215099396632	1000	0	TRUE	NA	NA	NA	NA	NA
NC_045512.2	235	T	C	330.07849006033683	0	33	0.0	0	33	0.0	1000	0	TRUE	NA	NA	NA	NA	NA
NC_045512.2	236	T	C	1000.0	0	33	0.0	0	33	0.0	1000	0	TRUE	NA	NA	NA	NA	NA
NC_045512.2	237	G	A	1000.0	0	33	0.0	0	33	0.0	1000	0	TRUE	NA	NA	NA	NA	NA
NC_045512.2	242	A	T	1000.0	0	33	0.0	0	33	0.0	1000	0	TRUE	NA	NA	NA	NA	NA
NC_045512.2	244	A	T	1000.0	0	33	0.0	0	33	0.0	1000	0	TRUE	NA	NA	NA	NA	NA
NC_045512.2	244	A	C	1000.0	0	33	0.0	0	33	0.0	1000	0	TRUE	NA	NA	NA	NA	NA
NC_045512.2	246	C	T	757.938956574506	0	33	242.06104342549395	0	33	0.24206104342549395	1000	0	TRUE	NA	NA	NA	NA	NA
NC_045512.2	247	T	G	741.8833980844452	0	33	258.11660191555484	0	33	0.25811660191555486	1000	0	TRUE	NA	NA	NA	NA	NA
NC_045512.2	247	T	C	741.8833980844452	0	33	0.0	0	33	0.0	1000	0	TRUE	NA	NA	NA	NA	NA
NC_045512.2	248	G	C	1000.0	0	33	0.0	0	33	0.0	1000	0	TRUE	NA	NA	NA	NA	NA
NC_045512.2	248	G	T	1000.0	0	33	0.0	0	33	0.0	1000	0	TRUE	NA	NA	NA	NA	NA
NC_045512.2	250	A	C	1000.0	0	33	0.0	0	33	0.0	1000	0	TRUE	NA	NA	NA	NA	NA
NC_045512.2	250	A	T	1000.0	0	33	0.0	0	33	0.0	1000	0	TRUE	NA	NA	NA	NA	NA
NC_045512.2	251	C	G	757.938956574506	0	33	242.06104342549395	0	33	0.24206104342549395	1000	0	TRUE	NA	NA	NA	NA	NA
NC_045512.2	251	C	T	757.938956574506	0	33	0.0	0	33	0.0	1000	0	TRUE	NA	NA	NA	NA	NA
NC_045512.2	252	T	C	330.07849006033683	0	33	669.9215099396631	0	33	0.6699215099396632	1000	0	TRUE	NA	NA	NA	NA	NA
NC_045512.2	252	T	G	330.07849006033683	0	33	0.0	0	33	0.0	1000	0	TRUE	NA	NA	NA	NA	NA
NC_045512.2	253	C	T	88.0174466348429	0	33	911.9825533651571	0	33	0.9119825533651571	1000	0	TRUE	NA	NA	NA	NA	NA
NC_045512.2	254	G	T	757.938956574506	0	33	242.06104342549395	0	33	0.24206104342549395	1000	0	TRUE	NA	NA	NA	NA	NA
NC_045512.2	256	A	G	330.07849006033683	0	33	669.9215099396631	0	33	0.6699215099396632	1000	0	TRUE	NA	NA	NA	NA	NA
NC_045512.2	257	G	T	757.938956574506	0	33	242.06104342549395	0	33	0.24206104342549395	1000	0	TRUE	NA	NA	NA	NA	NA
NC_045512.2	258	G	A	499.8223546589512	0	33	0.0	0	33	0.0	1000	0	TRUE	NA	NA	NA	NA	NA
NC_045512.2	258	G	T	499.8223546589512	0	33	500.1776453410488	0	33	0.5001776453410488	1000	0	TRUE	NA	NA	NA	NA	NA
NC_045512.2	259	C	T	757.938956574506	0	33	242.06104342549395	0	33	0.24206104342549395	1000	0	TRUE	NA	NA	NA	NA	NA
NC_045512.2	263	T	C	330.07849006033683	0	33	669.9215099396631	0	33	0.6699215099396632	1000	0	TRUE	NA	NA	NA	NA	NA
NC_045512.2	263	T	G	330.07849006033683	0	33	0.0	0	33	0.0	1000	0	TRUE	NA	NA	NA	NA	NA
NC_045512.2	264	T	C	330.07849006033683	0	33	669.9215099396631	0	33	0.6699215099396632	1000	0	TRUE	NA	NA	NA	NA	NA
NC_045512.2	264	T	G	330.07849006033683	0	33	0.0	0	33	0.0	1000	0	TRUE	NA	NA	NA	NA	NA
NC_045512.2	265	T	G	757.938956574506	0	33	242.06104342549395	0	33	0.24206104342549395	1000	0	TRUE	NA	NA	NA	NA	NA
NC_045512.2	266	G	T	330.07849006033683	0	33	669.9215099396631	0	33	0.6699215099396632	1000	0	TRUE	NA	NA	NA	NA	NA
NC_045512.2	268	C	T	330.07849006033683	0	33	669.9215099396631	0	33	0.6699215099396632	1000	0	TRUE	NA	NA	NA	NA	NA
NC_045512.2	269	C	T	1000.0	0	33	0.0	0	33	0.0	1000	0	TRUE	NA	NA	NA	NA	NA
NC_045512.2	270	T	C	1000.0	0	33	0.0	0	33	0.0	1000	0	TRUE	NA	NA	NA	NA	NA
NC_045512.2	274	T	G	88.0174466348429	0	33	911.9825533651571	0	33	0.9119825533651571	1000	0	TRUE	NA	NA	NA	NA	NA
NC_045512.2	275	A	G	1000.0	0	33	0.0	0	33	0.0	1000	0	TRUE	NA	NA	NA	NA	NA
NC_045512.2	275	A	C	1000.0	0	33	0.0	0	33	0.0	1000	0	TRUE	NA	NA	NA	NA	NA
NC_045512.2	276	G	A	757.938956574506	0	33	242.06104342549395	0	33	0.24206104342549395	1000	0	TRUE	NA	NA	NA	NA	NA
NC_045512.2	277	G	C	330.07849006033683	0	33	669.9215099396631	0	33	0.6699215099396632	1000	0	TRUE	NA	NA	NA	NA	NA
NC_045512.2	277	G	T	330.07849006033683	0	33	0.0	0	33	0.0	1000	0	TRUE	NA	NA	NA	NA	NA
NC_045512.2	278	C	T	330.07849006033683	0	33	669.9215099396631	0	33	0.6699215099396632	1000	0	TRUE	NA	NA	NA	NA	NA
NC_045512.2	280	C	T	1000.0	0	33	0.0	0	33	0.0	1000	0	TRUE	NA	NA	NA	NA	NA
NC_045512.2	281	A	T	1000.0	0	33	0.0	0	33	0.0	1000	0	TRUE	NA	NA	NA	NA	NA
NC_045512.2	282	T	G	757.938956574506	0	33	0.0	0	33	0.0	1000	0	TRUE	NA	NA	NA	NA	NA
NC_045512.2	282	T	C	757.938956574506	0	33	242.06104342549395	0	33	0.24206104342549395	1000	0	TRUE	NA	NA	NA	NA	NA
NC_045512.2	284	T	C	757.938956574506	0	33	0.0	0	33	0.0	1000	0	TRUE	NA	NA	NA	NA	NA
NC_045512.2	284	T	G	757.938956574506	0	33	242.06104342549395	0	33	0.24206104342549395	1000	0	TRUE	NA	NA	NA	NA	NA
NC_045512.2	286	C	T	1.1102230246251565e-13	0	33	999.9999999999999	0	33	0.9999999999999999	1000	0	TRUE	NA	NA	NA	NA	NA
NC_045512.2	287	T	A	330.07849006033683	0	33	669.9215099396631	0	33	0.6699215099396632	1000	0	TRUE	NA	NA	NA	NA	NA
NC_045512.2	287	T	C	330.07849006033683	0	33	0.0	0	33	0.0	1000	0	TRUE	NA	NA	NA	NA	NA
NC_045512.2	288	T	G	1000.0	0	33	0.0	0	33	0.0	1000	0	TRUE	NA	NA	NA	NA	NA
NC_045512.2	289	T	C	1000.0	0	33	0.0	0	33	0.0	1000	0	TRUE	NA	NA	NA	NA	NA
NC_045512.2	289	T	A	1000.0	0	33	0.0	0	33	0.0	1000	0	TRUE	NA	NA	NA	NA	NA
NC_045512.2	290	G	T	669.9215099396632	0	33	330.0784900603367	0	33	0.33007849006033674	1000	0	TRUE	NA	NA	NA	NA	NA
NC_045512.2	290	G	A	669.9215099396632	0	33	0.0	0	33	0.0	1000	0	TRUE	NA	NA	NA	NA	NA
NC_045512.2	290	G	C	669.9215099396632	0	33	0.0	0	33	0.0	1000	0	TRUE	NA	NA	NA	NA	NA
NC_045512.2	291	C	T	1000.0	0	33	0.0	0	33	0.0	1000	0	TRUE	NA	NA	NA	NA	NA
NC_045512.2	292	C	T	330.07849006033683	0	33	669.9215099396631	0	33	0.6699215099396632	1000	0	TRUE	NA	NA	NA	NA	NA
NC_045512.2	293	G	T	88.0174466348429	0	33	911.9825533651571	0	33	0.9119825533651571	1000	0	TRUE	NA	NA	NA	NA	NA
NC_045512.2	294	G	C	1000.0	0	33	0.0	0	33	0.0	1000	0	TRUE	NA	NA	NA	NA	NA
NC_045512.2	296	G	T	330.07849006033683	0	33	669.9215099396631	0	33	0.6699215099396632	1000	0	TRUE	NA	NA	NA	NA	NA
NC_045512.2	297	G	T	88.0174466348429	0	33	911.9825533651571	0	33	0.9119825533651571	1000	0	TRUE	NA	NA	NA	NA	NA
NC_045512.2	298	C	T	330.07849006033683	0	33	669.9215099396631	0	33	0.6699215099396632	1000	0	TRUE	NA	NA	NA	NA	NA
NC_045512.2	299	T	C	88.0174466348429	0	33	911.9825533651571	0	33	0.9119825533651571	1000	0	TRUE	NA	NA	NA	NA	NA
NC_045512.2	299	T	G	88.0174466348429	0	33	0.0	0	33	0.0	1000	0	TRUE	NA	NA	NA	NA	NA
NC_045512.2	300	G	T	1000.0	0	33	0.0	0	33	0.0	1000	0	TRUE	NA	NA	NA	NA	NA
NC_045512.2	300	G	C	1000.0	0	33	0.0	0	33	0.0	1000	0	TRUE	NA	NA	NA	NA	NA
NC_045512.2	302	G	T	330.07849006033683	0	33	669.9215099396631	0	33	0.6699215099396632	1000	0	TRUE	NA	NA	NA	NA	NA
NC_045512.2	302	G	A	330.07849006033683	0	33	0.0	0	33	0.0	1000	0	TRUE	NA	NA	NA	NA	NA
NC_045512.2	303	T	C	88.0174466348429	0	33	911.9825533651571	0	33	0.9119825533651571	1000	0	TRUE	NA	NA	NA	NA	NA
NC_045512.2	303	T	G	88.0174466348429	0	33	0.0	0	33	0.0	1000	0	TRUE	NA	NA	NA	NA	NA
NC_045512.2	304	G	C	88.0174466348429	0	33	242.06104342549395	0	33	0.24206104342549395	1000	0	TRUE	NA	NA	NA	NA	NA
NC_045512.2	304	G	T	88.0174466348429	0	33	669.9215099396631	0	33	0.6699215099396632	1000	0	TRUE	NA	NA	NA	NA	NA
NC_045512.2	305	G	T	330.07849006033683	0	33	669.9215099396631	0	33	0.6699215099396632	1000	0	TRUE	NA	NA	NA	NA	NA
NC_045512.2	307	G	T	1000.0	0	33	0.0	0	33	0.0	1000	0	TRUE	NA	NA	NA	NA	NA
NC_045512.2	309	A	G	1000.0	0	33	0.0	0	33	0.0	1000	0	TRUE	NA	NA	NA	NA	NA
NC_045512.2	312	G	C	330.07849006033683	0	33	669.9215099396631	0	33	0.6699215099396632	1000	0	TRUE	NA	NA	NA	NA	NA
NC_045512.2	312	G	T	330.07849006033683	0	33	0.0	0	33	0.0	1000	0	TRUE	NA	NA	NA	NA	NA
NC_045512.2	314	T	C	1000.0	0	33	0.0	0	33	0.0	1000	0	TRUE	NA	NA	NA	NA	NA
NC_045512.2	314	T	G	1000.0	0	33	0.0	0	33	0.0	1000	0	TRUE	NA	NA	NA	NA	NA
NC_045512.2	315	T	C	1000.0	0	33	0.0	0	33	0.0	1000	0	TRUE	NA	NA	NA	NA	NA
NC_045512.2	316	T	C	1000.0	0	33	0.0	0	33	0.0	1000	0	TRUE	NA	NA	NA	NA	NA
NC_045512.2	316	T	G	1000.0	0	33	0.0	0	33	0.0	1000	0	TRUE	NA	NA	NA	NA	NA
NC_045512.2	317	G	T	1000.0	0	33	0.0	0	33	0.0	1000	0	TRUE	NA	NA	NA	NA	NA
NC_045512.2	318	T	C	1000.0	0	33	0.0	0	33	0.0	1000	0	TRUE	NA	NA	NA	NA	NA
NC_045512.2	319	T	C	1000.0	0	33	0.0	0	33	0.0	1000	0	TRUE	NA	NA	NA	NA	NA
NC_045512.2	319	T	G	1000.0	0	33	0.0	0	33	0.0	1000	0	TRUE	NA	NA	NA	NA	NA
NC_045512.2	320	T	G	1.1102230246251565e-13	0	33	999.9999999999999	0	33	0.9999999999999999	1000	0	TRUE	NA	NA	NA	NA	NA
NC_045512.2	320	T	C	1.1102230246251565e-13	0	33	0.0	0	33	0.0	1000	0	TRUE	NA	NA	NA	NA	NA
NC_045512.2	321	G	T	1000.0	0	33	0.0	0	33	0.0	1000	0	TRUE	NA	NA	NA	NA	NA
NC_045512.2	322	C	T	757.938956574506	0	33	242.06104342549395	0	33	0.24206104342549395	1000	0	TRUE	NA	NA	NA	NA	NA
NC_045512.2	323	G	T	88.0174466348429	0	33	911.9825533651571	0	33	0.9119825533651571	1000	0	TRUE	NA	NA	NA	NA	NA
NC_045512.2	324	T	C	757.938956574506	0	33	242.06104342549395	0	33	0.24206104342549395	1000	0	TRUE	NA	NA	NA	NA	NA
NC_045512.2	325	T	G	88.0174466348429	0	33	911.9825533651571	0	33	0.9119825533651571	1000	0	TRUE	NA	NA	NA	NA	NA
NC_045512.2	326	G	T	669.9215099396632	0	33	330.0784900603367	0	33	0.33007849006033674	1000	0	TRUE	NA	NA	NA	NA	NA
NC_045512.2	328	G	T	757.938956574506	0	33	242.06104342549395	0	33	0.24206104342549395	1000	0	TRUE	NA	NA	NA	NA	NA
NC_045512.2	328	G	A	757.938956574506	0	33	0.0	0	33	0.0	1000	0	TRUE	NA	NA	NA	NA	NA
NC_045512.2	329	T	C	330.07849006033683	0	33	669.9215099396631	0	33	0.6699215099396632	1000	0	TRUE	NA	NA	NA	NA	NA
NC_045512.2	329	T	G	330.07849006033683	0	33	0.0	0	33	0.0	1000	0	TRUE	NA	NA	NA	NA	NA
NC_045512.2	330	G	T	757.938956574506	0	33	242.06104342549395	0	33	0.24206104342549395	1000	0	TRUE	NA	NA	NA	NA	NA
NC_045512.2	331	T	C	1000.0	0	33	0.0	0	33	0.0	1000	0	TRUE	NA	NA	NA	NA	NA
NC_045512.2	333	T	C	1000.0	0	33	0.0	0	33	0.0	1000	0	TRUE	NA	NA	NA	NA	NA
NC_045512.2	334	T	G	669.9215099396632	0	33	88.01744663484281	0	33	0.08801744663484282	1000	0	TRUE	NA	NA	NA	NA	NA
NC_045512.2	334	T	C	669.9215099396632	0	33	242.06104342549395	0	33	0.24206104342549395	1000	0	TRUE	NA	NA	NA	NA	NA
NC_045512.2	335	T	A	88.0174466348429	0	33	669.9215099396631	0	33	0.6699215099396632	1000	0	TRUE	NA	NA	NA	NA	NA
NC_045512.2	335	T	C	88.0174466348429	0	33	0.0	0	33	0.0	1000	0	TRUE	NA	NA	NA	NA	NA
NC_045512.2	335	T	G	88.0174466348429	0	33	242.06104342549395	0	33	0.24206104342549395	1000	0	TRUE	NA	NA	NA	NA	NA
NC_045512.2	336	G	T	757.938956574506	0	33	242.06104342549395	0	33	0.24206104342549395	1000	0	TRUE	NA	NA	NA	NA	NA
NC_045512.2	337	C	T	757.938956574506	0	33	242.06104342549395	0	33	0.24206104342549395	1000	0	TRUE	NA	NA	NA	NA	NA
NC_045512.2	338	C	T	1000.0	0	33	0.0	0	33	0.0	1000	0	TRUE	NA	NA	NA	NA	NA
NC_045512.2	340	T	C	1000.0	0	33	0.0	0	33	0.0	1000	0	TRUE	NA	NA	NA	NA	NA
NC_045512.2	341	C	T	330.07849006033683	0	33	669.9215099396631	0	33	0.6699215099396632	1000	0	TRUE	NA	NA	NA	NA	NA
NC_045512.2	342	G	A	1000.0	0	33	0.0	0	33	0.0	1000	0	TRUE	NA	NA	NA	NA	NA
NC_045512.2	342	G	T	1000.0	0	33	0.0	0	33	0.0	1000	0	TRUE	NA	NA	NA	NA	NA
NC_045512.2	343	C	T	757.938956574506	0	33	242.06104342549395	0	33	0.24206104342549395	1000	0	TRUE	NA	NA	NA	NA	NA
NC_045512.2	345	C	G	88.0174466348429	0	33	0.0	0	33	0.0	1000	0	TRUE	NA	NA	NA	NA	NA
NC_045512.2	345	C	T	88.0174466348429	0	33	911.9825533651571	0	33	0.9119825533651571	1000	0	TRUE	NA	NA	NA	NA	NA
NC_045512.2	346	A	G	757.938956574506	0	33	242.06104342549395	0	33	0.24206104342549395	1000	0	TRUE	NA	NA	NA	NA	NA
NC_045512.2	347	C	T	1000.0	0	33	0.0	0	33	0.0	1000	0	TRUE	NA	NA	NA	NA	NA
NC_045512.2	348	G	A	757.938956574506	0	33	242.06104342549395	0	33	0.24206104342549395	1000	0	TRUE	NA	NA	NA	NA	NA
NC_045512.2	348	G	T	757.938956574506	0	33	0.0	0	33	0.0	1000	0	TRUE	NA	NA	NA	NA	NA
NC_045512.2	349	T	G	330.07849006033683	0	33	669.9215099396631	0	33	0.6699215099396632	1000	0	TRUE	NA	NA	NA	NA	NA
NC_045512.2	349	T	C	330.07849006033683	0	33	0.0	0	33	0.0	1000	0	TRUE	NA	NA	NA	NA	NA
NC_045512.2	351	C	T	757.938956574506	0	33	242.06104342549395	0	33	0.24206104342549395	1000	0	TRUE	NA	NA	NA	NA	NA
NC_045512.2	351	C	G	757.938956574506	0	33	0.0	0	33	0.0	1000	0	TRUE	NA	NA	NA	NA	NA
NC_045512.2	352	C	G	1000.0	0	33	0.0	0	33	0.0	1000	0	TRUE	NA	NA	NA	NA	NA
NC_045512.2	354	T	C	499.8223546589512	0	33	258.11660191555484	0	33	0.25811660191555486	1000	0	TRUE	NA	NA	NA	NA	NA
NC_045512.2	354	T	G	499.8223546589512	0	33	242.06104342549395	0	33	0.24206104342549395	1000	0	TRUE	NA	NA	NA	NA	NA
NC_045512.2	355	G	T	1000.0	0	33	0.0	0	33	0.0	1000	0	TRUE	NA	NA	NA	NA	NA
NC_045512.2	356	A	G	1000.0	0	33	0.0	0	33	0.0	1000	0	TRUE	NA	NA	NA	NA	NA
NC_045512.2	358	C	T	1000.0	0	33	0.0	0	33	0.0	1000	0	TRUE	NA	NA	NA	NA	NA
NC_045512.2	360	C	G	757.938956574506	0	33	242.06104342549395	0	33	0.24206104342549395	1000	0	TRUE	NA	NA	NA	NA	NA
NC_045512.2	361	T	A	1000.0	0	33	0.0	0	33	0.0	1000	0	TRUE	NA	NA	NA	NA	NA
NC_045512.2	361	T	C	1000.0	0	33	0.0	0	33	0.0	1000	0	TRUE	NA	NA	NA	NA	NA
NC_045512.2	361	T	G	1000.0	0	33	0.0	0	33	0.0	1000	0	TRUE	NA	NA	NA	NA	NA
NC_045512.2	362	G	T	1000.0	0	33	0.0	0	33	0.0	1000	0	TRUE	NA	NA	NA	NA	NA
NC_045512.2	362	G	C	1000.0	0	33	0.0	0	33	0.0	1000	0	TRUE	NA	NA	NA	NA	NA
NC_045512.2	363	C	A	330.07849006033683	0	33	669.9215099396631	0	33	0.6699215099396632	1000	0	TRUE	NA	NA	NA	NA	NA
NC_045512.2	363	C	T	330.07849006033683	0	33	0.0	0	33	0.0	1000	0	TRUE	NA	NA	NA	NA	NA
NC_045512.2	363	C	G	330.07849006033683	0	33	0.0	0	33	0.0	1000	0	TRUE	NA	NA	NA	NA	NA
NC_045512.2	365	C	T	88.0174466348429	0	33	911.9825533651571	0	33	0.9119825533651571	1000	0	TRUE	NA	NA	NA	NA	NA
NC_045512.2	366	C	G	1000.0	0	33	0.0	0	33	0.0	1000	0	TRUE	NA	NA	NA	NA	NA
NC_045512.2	366	C	T	1000.0	0	33	0.0	0	33	0.0	1000	0	TRUE	NA	NA	NA	NA	NA
NC_045512.2	368	G	T	1000.0	0	33	0.0	0	33	0.0	1000	0	TRUE	NA	NA	NA	NA	NA
NC_045512.2	369	C	T	330.07849006033683	0	33	669.9215099396631	0	33	0.6699215099396632	1000	0	TRUE	NA	NA	NA	NA	NA
NC_045512.2	371	T	G	1000.0	0	33	0.0	0	33	0.0	1000	0	TRUE	NA	NA	NA	NA	NA
NC_045512.2	371	T	C	1000.0	0	33	0.0	0	33	0.0	1000	0	TRUE	NA	NA	NA	NA	NA
NC_045512.2	372	T	C	330.07849006033683	0	33	669.9215099396631	0	33	0.6699215099396632	1000	0	TRUE	NA	NA	NA	NA	NA
NC_045512.2	372	T	G	330.07849006033683	0	33	0.0	0	33	0.0	1000	0	TRUE	NA	NA	NA	NA	NA
NC_045512.2	374	T	C	330.07849006033683	0	33	669.9215099396631	0	33	0.6699215099396632	1000	0	TRUE	NA	NA	NA	NA	NA
NC_045512.2	375	T	C	1000.0	0	33	0.0	0	33	0.0	1000	0	TRUE	NA	NA	NA	NA	NA
NC_045512.2	375	T	G	1000.0	0	33	0.0	0	33	0.0	1000	0	TRUE	NA	NA	NA	NA	NA
NC_045512.2	376	C	T	1000.0	0	33	0.0	0	33	0.0	1000	0	TRUE	NA	NA	NA	NA	NA
NC_045512.2	380	G	T	1000.0	0	33	0.0	0	33	0.0	1000	0	TRUE	NA	NA	NA	NA	NA
NC_045512.2	381	T	G	88.0174466348429	0	33	911.9825533651571	0	33	0.9119825533651571	1000	0	TRUE	NA	NA	NA	NA	NA
NC_045512.2	383	G	T	1000.0	0	33	0.0	0	33	0.0	1000	0	TRUE	NA	NA	NA	NA	NA
NC_045512.2	383	G	A	1000.0	0	33	0.0	0	33	0.0	1000	0	TRUE	NA	NA	NA	NA	NA
NC_045512.2	384	T	G	1000.0	0	33	0.0	0	33	0.0	1000	0	TRUE	NA	NA	NA	NA	NA
NC_045512.2	385	G	C	757.938956574506	0	33	0.0	0	33	0.0	1000	0	TRUE	NA	NA	NA	NA	NA
NC_045512.2	385	G	T	757.938956574506	0	33	242.06104342549395	0	33	0.24206104342549395	1000	0	TRUE	NA	NA	NA	NA	NA
NC_045512.2	388	G	T	1000.0	0	33	0.0	0	33	0.0	1000	0	TRUE	NA	NA	NA	NA	NA
NC_045512.2	389	G	T	1000.0	0	33	0.0	0	33	0.0	1000	0	TRUE	NA	NA	NA	NA	NA
NC_045512.2	390	T	C	242.06104342549406	0	33	757.9389565745059	0	33	0.7579389565745059	1000	0	TRUE	NA	NA	NA	NA	NA
NC_045512.2	391	G	T	1000.0	0	33	0.0	0	33	0.0	1000	0	TRUE	NA	NA	NA	NA	NA
NC_045512.2	393	A	T	1000.0	0	33	0.0	0	33	0.0	1000	0	TRUE	NA	NA	NA	NA	NA
NC_045512.2	393	A	G	1000.0	0	33	0.0	0	33	0.0	1000	0	TRUE	NA	NA	NA	NA	NA
NC_045512.2	395	T	C	1000.0	0	33	0.0	0	33	0.0	1000	0	TRUE	NA	NA	NA	NA	NA
NC_045512.2	396	T	C	88.0174466348429	0	33	0.0	0	33	0.0	1000	0	TRUE	NA	NA	NA	NA	NA
NC_045512.2	396	T	G	88.0174466348429	0	33	911.9825533651571	0	33	0.9119825533651571	1000	0	TRUE	NA	NA	NA	NA	NA
NC_045512.2	397	G	T	1000.0	0	33	0.0	0	33	0.0	1000	0	TRUE	NA	NA	NA	NA	NA
NC_045512.2	399	C	T	88.0174466348429	0	33	669.9215099396631	0	33	0.6699215099396632	1000	0	TRUE	NA	NA	NA	NA	NA
NC_045512.2	399	C	G	88.0174466348429	0	33	242.06104342549395	0	33	0.24206104342549395	1000	0	TRUE	NA	NA	NA	NA	NA
NC_045512.2	400	C	G	88.0174466348429	0	33	669.9215099396631	0	33	0.6699215099396632	1000	0	TRUE	NA	NA	NA	NA	NA
NC_045512.2	400	C	A	88.0174466348429	0	33	242.06104342549395	0	33	0.24206104342549395	1000	0	TRUE	NA	NA	NA	NA	NA
NC_045512.2	401	T	G	741.8833980844452	0	33	258.11660191555484	0	33	0.25811660191555486	1000	0	TRUE	NA	NA	NA	NA	NA
NC_045512.2	401	T	C	741.8833980844452	0	33	0.0	0	33	0.0	1000	0	TRUE	NA	NA	NA	NA	NA
NC_045512.2	402	T	C	330.07849006033683	0	33	0.0	0	33	0.0	1000	0	TRUE	NA	NA	NA	NA	NA
NC_045512.2	402	T	G	330.07849006033683	0	33	669.9215099396631	0	33	0.6699215099396632	1000	0	TRUE	NA	NA	NA	NA	NA
NC_045512.2	403	G	A	1000.0	0	33	0.0	0	33	0.0	1000	0	TRUE	NA	NA	NA	NA	NA
NC_045512.2	405	G	T	330.07849006033683	0	33	669.9215099396631	0	33	0.6699215099396632	1000	0	TRUE	NA	NA	NA	NA	NA
NC_045512.2	406	G	T	1000.0	0	33	0.0	0	33	0.0	1000	0	TRUE	NA	NA	NA	NA	NA
NC_045512.2	407	C	T	1000.0	0	33	0.0	0	33	0.0	1000	0	TRUE	NA	NA	NA	NA	NA
NC_045512.2	408	T	C	330.07849006033683	0	33	669.9215099396631	0	33	0.6699215099396632	1000	0	TRUE	NA	NA	NA	NA	NA
NC_045512.2	408	T	G	330.07849006033683	0	33	0.0	0	33	0.0	1000	0	TRUE	NA	NA	NA	NA	NA
NC_045512.2	409	C	T	330.07849006033683	0	33	669.9215099396631	0	33	0.6699215099396632	1000	0	TRUE	NA	NA	NA	NA	NA
NC_045512.2	410	T	C	1000.0	0	33	0.0	0	33	0.0	1000	0	TRUE	NA	NA	NA	NA	NA
NC_045512.2	410	T	G	1000.0	0	33	0.0	0	33	0.0	1000	0	TRUE	NA	NA	NA	NA	NA
NC_045512.2	411	C	T	911.9825533651572	0	33	88.01744663484281	0	33	0.08801744663484282	1000	0	TRUE	NA	NA	NA	NA	NA
NC_045512.2	411	C	G	911.9825533651572	0	33	0.0	0	33	0.0	1000	0	TRUE	NA	NA	NA	NA	NA
NC_045512.2	414	A	T	757.938956574506	0	33	242.06104342549395	0	33	0.24206104342549395	1000	0	TRUE	NA	NA	NA	NA	NA
NC_045512.2	415	C	T	757.938956574506	0	33	242.06104342549395	0	33	0.24206104342549395	1000	0	TRUE	NA	NA	NA	NA	NA
NC_045512.2	417	C	T	1000.0	0	33	0.0	0	33	0.0	1000	0	TRUE	NA	NA	NA	NA	NA
NC_045512.2	418	C	T	1000.0	0	33	0.0	0	33	0.0	1000	0	TRUE	NA	NA	NA	NA	NA
NC_045512.2	419	A	G	757.938956574506	0	33	242.06104342549395	0	33	0.24206104342549395	1000	0	TRUE	NA	NA	NA	NA	NA
NC_045512.2	421	G	C	330.07849006033683	0	33	669.9215099396631	0	33	0.6699215099396632	1000	0	TRUE	NA	NA	NA	NA	NA
NC_045512.2	422	G	T	757.938956574506	0	33	0.0	0	33	0.0	1000	0	TRUE	NA	NA	NA	NA	NA
NC_045512.2	422	G	C	757.938956574506	0	33	242.06104342549395	0	33	0.24206104342549395	1000	0	TRUE	NA	NA	NA	NA	NA
NC_045512.2	424	C	T	330.07849006033683	0	33	669.9215099396631	0	33	0.6699215099396632	1000	0	TRUE	NA	NA	NA	NA	NA
NC_045512.2	425	C	T	1.1102230246251565e-13	0	33	999.9999999999999	0	33	0.9999999999999999	1000	0	TRUE	NA	NA	NA	NA	NA
NC_045512.2	425	C	G	1.1102230246251565e-13	0	33	0.0	0	33	0.0	1000	0	TRUE	NA	NA	NA	NA	NA
NC_045512.2	426	C	T	88.0174466348429	0	33	911.9825533651571	0	33	0.9119825533651571	1000	0	TRUE	NA	NA	NA	NA	NA
NC_045512.2	427	T	C	757.938956574506	0	33	242.06104342549395	0	33	0.24206104342549395	1000	0	TRUE	NA	NA	NA	NA	NA
NC_045512.2	427	T	G	757.938956574506	0	33	0.0	0	33	0.0	1000	0	TRUE	NA	NA	NA	NA	NA
NC_045512.2	429	C	T	741.8833980844452	0	33	258.11660191555484	0	33	0.25811660191555486	1000	0	TRUE	NA	NA	NA	NA	NA
NC_045512.2	430	G	A	1000.0	0	33	0.0	0	33	0.0	1000	0	TRUE	NA	NA	NA	NA	NA
NC_045512.2	432	A	T	1000.0	0	33	0.0	0	33	0.0	1000	0	TRUE	NA	NA	NA	NA	NA
NC_045512.2	433	G	C	1000.0	0	33	0.0	0	33	0.0	1000	0	TRUE	NA	NA	NA	NA	NA
NC_045512.2	433	G	A	1000.0	0	33	0.0	0	33	0.0	1000	0	TRUE	NA	NA	NA	NA	NA
NC_045512.2	436	A	T	88.0174466348429	0	33	242.06104342549395	0	33	0.24206104342549395	1000	0	TRUE	NA	NA	NA	NA	NA
NC_045512.2	436	A	C	88.0174466348429	0	33	669.9215099396631	0	33	0.6699215099396632	1000	0	TRUE	NA	NA	NA	NA	NA
NC_045512.2	436	A	G	88.0174466348429	0	33	0.0	0	33	0.0	1000	0	TRUE	NA	NA	NA	NA	NA
NC_045512.2	437	T	A	88.0174466348429	0	33	911.9825533651571	0	33	0.9119825533651571	1000	0	TRUE	NA	NA	NA	NA	NA
NC_045512.2	438	G	T	88.0174466348429	0	33	669.9215099396631	0	33	0.6699215099396632	1000	0	TRUE	NA	NA	NA	NA	NA
NC_045512.2	438	G	C	88.0174466348429	0	33	242.06104342549395	0	33	0.24206104342549395	1000	0	TRUE	NA	NA	NA	NA	NA
NC_045512.2	439	C	T	1000.0	0	33	0.0	0	33	0.0	1000	0	TRUE	NA	NA	NA	NA	NA
NC_045512.2	440	G	C	757.938956574506	0	33	242.06104342549395	0	33	0.24206104342549395	1000	0	TRUE	NA	NA	NA	NA	NA
NC_045512.2	440	G	T	757.938956574506	0	33	0.0	0	33	0.0	1000	0	TRUE	NA	NA	NA	NA	NA
NC_045512.2	442	T	C	88.0174466348429	0	33	911.9825533651571	0	33	0.9119825533651571	1000	0	TRUE	NA	NA	NA	NA	NA
NC_045512.2	443	G	C	757.938956574506	0	33	0.0	0	33	0.0	1000	0	TRUE	NA	NA	NA	NA	NA
NC_045512.2	443	G	T	757.938956574506	0	33	242.06104342549395	0	33	0.24206104342549395	1000	0	TRUE	NA	NA	NA	NA	NA
NC_045512.2	445	C	T	330.07849006033683	0	33	669.9215099396631	0	33	0.6699215099396632	1000	0	TRUE	NA	NA	NA	NA	NA
NC_045512.2	445	C	G	330.07849006033683	0	33	0.0	0	33	0.0	1000	0	TRUE	NA	NA	NA	NA	NA
NC_045512.2	446	T	C	1000.0	0	33	0.0	0	33	0.0	1000	0	TRUE	NA	NA	NA	NA	NA
NC_045512.2	447	G	A	88.0174466348429	0	33	242.06104342549395	0	33	0.24206104342549395	1000	0	TRUE	NA	NA	NA	NA	NA
NC_045512.2	447	G	T	88.0174466348429	0	33	669.9215099396631	0	33	0.6699215099396632	1000	0	TRUE	NA	NA	NA	NA	NA
NC_045512.2	448	G	C	1000.0	0	33	0.0	0	33	0.0	1000	0	TRUE	NA	NA	NA	NA	NA
NC_045512.2	448	G	T	1000.0	0	33	0.0	0	33	0.0	1000	0	TRUE	NA	NA	NA	NA	NA
NC_045512.2	450	A	T	1000.0	0	33	0.0	0	33	0.0	1000	0	TRUE	NA	NA	NA	NA	NA
NC_045512.2	451	C	T	88.0174466348429	0	33	911.9825533651571	0	33	0.9119825533651571	1000	0	TRUE	NA	NA	NA	NA	NA
NC_045512.2	452	T	A	88.0174466348429	0	33	0.0	0	33	0.0	1000	0	TRUE	NA	NA	NA	NA	NA
NC_045512.2	452	T	G	88.0174466348429	0	33	669.9215099396631	0	33	0.6699215099396632	1000	0	TRUE	NA	NA	NA	NA	NA
NC_045512.2	452	T	C	88.0174466348429	0	33	242.06104342549395	0	33	0.24206104342549395	1000	0	TRUE	NA	NA	NA	NA	NA
NC_045512.2	453	T	G	1000.0	0	33	0.0	0	33	0.0	1000	0	TRUE	NA	NA	NA	NA	NA
NC_045512.2	454	G	A	1000.0	0	33	0.0	0	33	0.0	1000	0	TRUE	NA	NA	NA	NA	NA
NC_045512.2	455	T	C	911.9825533651572	0	33	88.01744663484281	0	33	0.08801744663484282	1000	0	TRUE	NA	NA	NA	NA	NA
NC_045512.2	456	C	T	1000.0	0	33	0.0	0	33	0.0	1000	0	TRUE	NA	NA	NA	NA	NA
NC_045512.2	457	C	T	1000.0	0	33	0.0	0	33	0.0	1000	0	TRUE	NA	NA	NA	NA	NA
NC_045512.2	458	T	C	88.0174466348429	0	33	911.9825533651571	0	33	0.9119825533651571	1000	0	TRUE	NA	NA	NA	NA	NA
NC_045512.2	460	C	G	330.07849006033683	0	33	669.9215099396631	0	33	0.6699215099396632	1000	0	TRUE	NA	NA	NA	NA	NA
NC_045512.2	461	T	C	1000.0	0	33	0.0	0	33	0.0	1000	0	TRUE	NA	NA	NA	NA	NA
NC_045512.2	462	T	C	757.938956574506	0	33	242.06104342549395	0	33	0.24206104342549395	1000	0	TRUE	NA	NA	NA	NA	NA
NC_045512.2	464	T	C	1000.0	0	33	0.0	0	33	0.0	1000	0	TRUE	NA	NA	NA	NA	NA
NC_045512.2	465	C	T	1000.0	0	33	0.0	0	33	0.0	1000	0	TRUE	NA	NA	NA	NA	NA
NC_045512.2	466	G	T	330.07849006033683	0	33	669.9215099396631	0	33	0.6699215099396632	1000	0	TRUE	NA	NA	NA	NA	NA
NC_045512.2	468	G	T	1000.0	0	33	0.0	0	33	0.0	1000	0	TRUE	NA	NA	NA	NA	NA
NC_045512.2	468	G	C	1000.0	0	33	0.0	0	33	0.0	1000	0	TRUE	NA	NA	NA	NA	NA
NC_045512.2	469	C	T	757.938956574506	0	33	242.06104342549395	0	33	0.24206104342549395	1000	0	TRUE	NA	NA	NA	NA	NA
NC_045512.2	469	C	G	757.938956574506	0	33	0.0	0	33	0.0	1000	0	TRUE	NA	NA	NA	NA	NA
NC_045512.2	470	G	C	1000.0	0	33	0.0	0	33	0.0	1000	0	TRUE	NA	NA	NA	NA	NA
NC_045512.2	470	G	T	1000.0	0	33	0.0	0	33	0.0	1000	0	TRUE	NA	NA	NA	NA	NA
NC_045512.2	471	C	T	757.938956574506	0	33	242.06104342549395	0	33	0.24206104342549395	1000	0	TRUE	NA	NA	NA	NA	NA
NC_045512.2	472	G	T	1000.0	0	33	0.0	0	33	0.0	1000	0	TRUE	NA	NA	NA	NA	NA
NC_045512.2	473	G	T	1000.0	0	33	0.0	0	33	0.0	1000	0	TRUE	NA	NA	NA	NA	NA
NC_045512.2	474	G	T	741.8833980844452	0	33	258.11660191555484	0	33	0.25811660191555486	1000	0	TRUE	NA	NA	NA	NA	NA
NC_045512.2	475	G	C	1000.0	0	33	0.0	0	33	0.0	1000	0	TRUE	NA	NA	NA	NA	NA
NC_045512.2	475	G	T	1000.0	0	33	0.0	0	33	0.0	1000	0	TRUE	NA	NA	NA	NA	NA
NC_045512.2	476	C	G	1000.0	0	33	0.0	0	33	0.0	1000	0	TRUE	NA	NA	NA	NA	NA
NC_045512.2	476	C	T	1000.0	0	33	0.0	0	33	0.0	1000	0	TRUE	NA	NA	NA	NA	NA
NC_045512.2	477	C	T	757.938956574506	0	33	242.06104342549395	0	33	0.24206104342549395	1000	0	TRUE	NA	NA	NA	NA	NA
NC_045512.2	478	C	G	88.0174466348429	0	33	0.0	0	33	0.0	1000	0	TRUE	NA	NA	NA	NA	NA
NC_045512.2	478	C	T	88.0174466348429	0	33	911.9825533651571	0	33	0.9119825533651571	1000	0	TRUE	NA	NA	NA	NA	NA
NC_045512.2	479	G	T	88.0174466348429	0	33	911.9825533651571	0	33	0.9119825533651571	1000	0	TRUE	NA	NA	NA	NA	NA
NC_045512.2	480	C	T	88.0174466348429	0	33	911.9825533651571	0	33	0.9119825533651571	1000	0	TRUE	NA	NA	NA	NA	NA
NC_045512.2	481	T	C	330.07849006033683	0	33	0.0	0	33	0.0	1000	0	TRUE	NA	NA	NA	NA	NA
NC_045512.2	481	T	G	330.07849006033683	0	33	669.9215099396631	0	33	0.6699215099396632	1000	0	TRUE	NA	NA	NA	NA	NA
NC_045512.2	483	T	C	88.0174466348429	0	33	0.0	0	33	0.0	1000	0	TRUE	NA	NA	NA	NA	NA
NC_045512.2	483	T	G	88.0174466348429	0	33	911.9825533651571	0	33	0.9119825533651571	1000	0	TRUE	NA	NA	NA	NA	NA
NC_045512.2	484	C	T	1000.0	0	33	0.0	0	33	0.0	1000	0	TRUE	NA	NA	NA	NA	NA
NC_045512.2	485	C	T	1000.0	0	33	0.0	0	33	0.0	1000	0	TRUE	NA	NA	NA	NA	NA
NC_045512.2	486	C	T	330.07849006033683	0	33	669.9215099396631	0	33	0.6699215099396632	1000	0	TRUE	NA	NA	NA	NA	NA
NC_045512.2	486	C	G	330.07849006033683	0	33	0.0	0	33	0.0	1000	0	TRUE	NA	NA	NA	NA	NA
NC_045512.2	487	C	T	1000.0	0	33	0.0	0	33	0.0	1000	0	TRUE	NA	NA	NA	NA	NA
NC_045512.2	488	G	T	1000.0	0	33	0.0	0	33	0.0	1000	0	TRUE	NA	NA	NA	NA	NA
NC_045512.2	488	G	A	1000.0	0	33	0.0	0	33	0.0	1000	0	TRUE	NA	NA	NA	NA	NA
NC_045512.2	488	G	C	1000.0	0	33	0.0	0	33	0.0	1000	0	TRUE	NA	NA	NA	NA	NA
NC_045512.2	489	T	C	757.938956574506	0	33	242.06104342549395	0	33	0.24206104342549395	1000	0	TRUE	NA	NA	NA	NA	NA
NC_045512.2	489	T	G	757.938956574506	0	33	0.0	0	33	0.0	1000	0	TRUE	NA	NA	NA	NA	NA
NC_045512.2	490	G	T	757.938956574506	0	33	0.0	0	33	0.0	1000	0	TRUE	NA	NA	NA	NA	NA
NC_045512.2	490	G	C	757.938956574506	0	33	242.06104342549395	0	33	0.24206104342549395	1000	0	TRUE	NA	NA	NA	NA	NA
NC_045512.2	491	C	G	741.8833980844452	0	33	0.0	0	33	0.0	1000	0	TRUE	NA	NA	NA	NA	NA
NC_045512.2	491	C	T	741.8833980844452	0	33	258.11660191555484	0	33	0.25811660191555486	1000	0	TRUE	NA	NA	NA	NA	NA
NC_045512.2	493	T	G	330.07849006033683	0	33	669.9215099396631	0	33	0.6699215099396632	1000	0	TRUE	NA	NA	NA	NA	NA
NC_045512.2	495	T	G	1000.0	0	33	0.0	0	33	0.0	1000	0	TRUE	NA	NA	NA	NA	NA
NC_045512.2	496	T	C	757.938956574506	0	33	242.06104342549395	0	33	0.24206104342549395	1000	0	TRUE	NA	NA	NA	NA	NA
NC_045512.2	496	T	G	757.938956574506	0	33	0.0	0	33	0.0	1000	0	TRUE	NA	NA	NA	NA	NA
NC_045512.2	497	T	C	1000.0	0	33	0.0	0	33	0.0	1000	0	TRUE	NA	NA	NA	NA	NA
NC_045512.2	497	T	G	1000.0	0	33	0.0	0	33	0.0	1000	0	TRUE	NA	NA	NA	NA	NA
NC_045512.2	498	G	T	88.0174466348429	0	33	911.9825533651571	0	33	0.9119825533651571	1000	0	TRUE	NA	NA	NA	NA	NA
NC_045512.2	500	G	C	741.8833980844452	0	33	0.0	0	33	0.0	1000	0	TRUE	NA	NA	NA	NA	NA
NC_045512.2	500	G	T	741.8833980844452	0	33	258.11660191555484	0	33	0.25811660191555486	1000	0	TRUE	NA	NA	NA	NA	NA
NC_045512.2	500	G	A	741.8833980844452	0	33	0.0	0	33	0.0	1000	0	TRUE	NA	NA	NA	NA	NA
NC_045512.2	501	A	T	1000.0	0	33	0.0	0	33	0.0	1000	0	TRUE	NA	NA	NA	NA	NA
NC_045512.2	503	T	C	1000.0	0	33	0.0	0	33	0.0	1000	0	TRUE	NA	NA	NA	NA	NA
NC_045512.2	504	C	G	757.938956574506	0	33	242.06104342549395	0	33	0.24206104342549395	1000	0	TRUE	NA	NA	NA	NA	NA
NC_045512.2	505	T	C	1000.0	0	33	0.0	0	33	0.0	1000	0	TRUE	NA	NA	NA	NA	NA
NC_045512.2	505	T	G	1000.0	0	33	0.0	0	33	0.0	1000	0	TRUE	NA	NA	NA	NA	NA
NC_045512.2	506	C	T	1000.0	0	33	0.0	0	33	0.0	1000	0	TRUE	NA	NA	NA	NA	NA
NC_045512.2	507	T	C	1.1102230246251565e-13	0	33	757.9389565745059	0	33	0.7579389565745059	1000	0	TRUE	NA	NA	NA	NA	NA
NC_045512.2	507	T	G	1.1102230246251565e-13	0	33	242.06104342549395	0	33	0.24206104342549395	1000	0	TRUE	NA	NA	NA	NA	NA
NC_045512.2	508	C	T	1000.0	0	33	0.0	0	33	0.0	1000	0	TRUE	NA	NA	NA	NA	NA
NC_045512.2	509	T	C	1000.0	0	33	0.0	0	33	0.0	1000	0	TRUE	NA	NA	NA	NA	NA
NC_045512.2	509	T	G	1000.0	0	33	0.0	0	33	0.0	1000	0	TRUE	NA	NA	NA	NA	NA
NC_045512.2	510	C	T	242.06104342549406	0	33	757.9389565745059	0	33	0.7579389565745059	1000	0	TRUE	NA	NA	NA	NA	NA
NC_045512.2	512	G	T	1000.0	0	33	0.0	0	33	0.0	1000	0	TRUE	NA	NA	NA	NA	NA
NC_045512.2	513	T	G	330.07849006033683	0	33	669.9215099396631	0	33	0.6699215099396632	1000	0	TRUE	NA	NA	NA	NA	NA
NC_045512.2	514	T	G	757.938956574506	0	33	242.06104342549395	0	33	0.24206104342549395	1000	0	TRUE	NA	NA	NA	NA	NA
NC_045512.2	515	C	G	330.07849006033683	0	33	669.9215099396631	0	33	0.6699215099396632	1000	0	TRUE	NA	NA	NA	NA	NA
NC_045512.2	515	C	T	330.07849006033683	0	33	0.0	0	33	0.0	1000	0	TRUE	NA	NA	NA	NA	NA
NC_045512.2	516	G	T	741.8833980844452	0	33	258.11660191555484	0	33	0.25811660191555486	1000	0	TRUE	NA	NA	NA	NA	NA
NC_045512.2	517	C	G	757.938956574506	0	33	242.06104342549395	0	33	0.24206104342549395	1000	0	TRUE	NA	NA	NA	NA	NA
NC_045512.2	518	C	T	1000.0	0	33	0.0	0	33	0.0	1000	0	TRUE	NA	NA	NA	NA	NA
NC_045512.2	519	G	T	1000.0	0	33	0.0	0	33	0.0	1000	0	TRUE	NA	NA	NA	NA	NA
NC_045512.2	520	C	T	1000.0	0	33	0.0	0	33	0.0	1000	0	TRUE	NA	NA	NA	NA	NA
NC_045512.2	521	G	T	1000.0	0	33	0.0	0	33	0.0	1000	0	TRUE	NA	NA	NA	NA	NA
NC_045512.2	522	G	T	1000.0	0	33	0.0	0	33	0.0	1000	0	TRUE	NA	NA	NA	NA	NA
NC_045512.2	522	G	A	1000.0	0	33	0.0	0	33	0.0	1000	0	TRUE	NA	NA	NA	NA	NA
NC_045512.2	523	T	C	1000.0	0	33	0.0	0	33	0.0	1000	0	TRUE	NA	NA	NA	NA	NA
NC_045512.2	525	T	G	757.938956574506	0	33	242.06104342549395	0	33	0.24206104342549395	1000	0	TRUE	NA	NA	NA	NA	NA
NC_045512.2	527	G	T	330.07849006033683	0	33	669.9215099396631	0	33	0.6699215099396632	1000	0	TRUE	NA	NA	NA	NA	NA
NC_045512.2	527	G	A	330.07849006033683	0	33	0.0	0	33	0.0	1000	0	TRUE	NA	NA	NA	NA	NA
NC_045512.2	529	T	G	330.07849006033683	0	33	669.9215099396631	0	33	0.6699215099396632	1000	0	TRUE	NA	NA	NA	NA	NA
NC_045512.2	530	C	T	330.07849006033683	0	33	669.9215099396631	0	33	0.6699215099396632	1000	0	TRUE	NA	NA	NA	NA	NA
NC_045512.2	531	T	C	1000.0	0	33	0.0	0	33	0.0	1000	0	TRUE	NA	NA	NA	NA	NA
NC_045512.2	532	T	C	1.1102230246251565e-13	0	33	999.9999999999999	0	33	0.9999999999999999	1000	0	TRUE	NA	NA	NA	NA	NA
NC_045512.2	533	C	T	757.938956574506	0	33	242.06104342549395	0	33	0.24206104342549395	1000	0	TRUE	NA	NA	NA	NA	NA
NC_045512.2	534	G	A	1000.0	0	33	0.0	0	33	0.0	1000	0	TRUE	NA	NA	NA	NA	NA
NC_045512.2	534	G	T	1000.0	0	33	0.0	0	33	0.0	1000	0	TRUE	NA	NA	NA	NA	NA
NC_045512.2	536	T	C	1000.0	0	33	0.0	0	33	0.0	1000	0	TRUE	NA	NA	NA	NA	NA
NC_045512.2	536	T	G	1000.0	0	33	0.0	0	33	0.0	1000	0	TRUE	NA	NA	NA	NA	NA
NC_045512.2	537	T	C	330.07849006033683	0	33	669.9215099396631	0	33	0.6699215099396632	1000	0	TRUE	NA	NA	NA	NA	NA
NC_045512.2	537	T	G	330.07849006033683	0	33	0.0	0	33	0.0	1000	0	TRUE	NA	NA	NA	NA	NA
NC_045512.2	538	T	C	757.938956574506	0	33	242.06104342549395	0	33	0.24206104342549395	1000	0	TRUE	NA	NA	NA	NA	NA
NC_045512.2	538	T	G	757.938956574506	0	33	0.0	0	33	0.0	1000	0	TRUE	NA	NA	NA	NA	NA
NC_045512.2	539	C	T	1000.0	0	33	0.0	0	33	0.0	1000	0	TRUE	NA	NA	NA	NA	NA
NC_045512.2	540	G	T	1000.0	0	33	0.0	0	33	0.0	1000	0	TRUE	NA	NA	NA	NA	NA
NC_045512.2	540	G	C	1000.0	0	33	0.0	0	33	0.0	1000	0	TRUE	NA	NA	NA	NA	NA
NC_045512.2	542	C	T	757.938956574506	0	33	242.06104342549395	0	33	0.24206104342549395	1000	0	TRUE	NA	NA	NA	NA	NA
NC_045512.2	543	A	G	1000.0	0	33	0.0	0	33	0.0	1000	0	TRUE	NA	NA	NA	NA	NA
NC_045512.2	543	A	T	1000.0	0	33	0.0	0	33	0.0	1000	0	TRUE	NA	NA	NA	NA	NA
NC_045512.2	544	C	T	1000.0	0	33	0.0	0	33	0.0	1000	0	TRUE	NA	NA	NA	NA	NA
NC_045512.2	545	C	T	1.1102230246251565e-13	0	33	999.9999999999999	0	33	0.9999999999999999	1000	0	TRUE	NA	NA	NA	NA	NA
NC_045512.2	545	C	G	1.1102230246251565e-13	0	33	0.0	0	33	0.0	1000	0	TRUE	NA	NA	NA	NA	NA
NC_045512.2	551	G	T	1000.0	0	33	0.0	0	33	0.0	1000	0	TRUE	NA	NA	NA	NA	NA
NC_045512.2	552	T	C	88.0174466348429	0	33	911.9825533651571	0	33	0.9119825533651571	1000	0	TRUE	NA	NA	NA	NA	NA
NC_045512.2	553	C	T	757.938956574506	0	33	242.06104342549395	0	33	0.24206104342549395	1000	0	TRUE	NA	NA	NA	NA	NA
NC_045512.2	554	T	C	330.07849006033683	0	33	669.9215099396631	0	33	0.6699215099396632	1000	0	TRUE	NA	NA	NA	NA	NA
NC_045512.2	556	T	C	757.938956574506	0	33	0.0	0	33	0.0	1000	0	TRUE	NA	NA	NA	NA	NA
NC_045512.2	556	T	G	757.938956574506	0	33	242.06104342549395	0	33	0.24206104342549395	1000	0	TRUE	NA	NA	NA	NA	NA
NC_045512.2	557	T	C	330.07849006033683	0	33	669.9215099396631	0	33	0.6699215099396632	1000	0	TRUE	NA	NA	NA	NA	NA
NC_045512.2	558	G	T	1000.0	0	33	0.0	0	33	0.0	1000	0	TRUE	NA	NA	NA	NA	NA
NC_045512.2	559	C	G	588.1950919758917	0	33	411.8049080241083	0	33	0.4118049080241083	1000	0	TRUE	NA	NA	NA	NA	NA
NC_045512.2	559	C	T	588.1950919758917	0	33	0.0	0	33	0.0	1000	0	TRUE	NA	NA	NA	NA	NA
NC_045512.2	562	G	T	330.07849006033683	0	33	669.9215099396631	0	33	0.6699215099396632	1000	0	TRUE	NA	NA	NA	NA	NA
NC_045512.2	563	G	T	757.938956574506	0	33	242.06104342549395	0	33	0.24206104342549395	1000	0	TRUE	NA	NA	NA	NA	NA
NC_045512.2	564	T	G	1.1102230246251565e-13	0	33	999.9999999999999	0	33	0.9999999999999999	1000	0	TRUE	NA	NA	NA	NA	NA
NC_045512.2	565	T	C	330.07849006033683	0	33	0.0	0	33	0.0	1000	0	TRUE	NA	NA	NA	NA	NA
NC_045512.2	565	T	G	330.07849006033683	0	33	669.9215099396631	0	33	0.6699215099396632	1000	0	TRUE	NA	NA	NA	NA	NA
NC_045512.2	566	G	T	757.938956574506	0	33	242.06104342549395	0	33	0.24206104342549395	1000	0	TRUE	NA	NA	NA	NA	NA
NC_045512.2	567	C	T	1000.0	0	33	0.0	0	33	0.0	1000	0	TRUE	NA	NA	NA	NA	NA
NC_045512.2	568	C	T	1000.0	0	33	0.0	0	33	0.0	1000	0	TRUE	NA	NA	NA	NA	NA
NC_045512.2	569	C	G	1000.0	0	33	0.0	0	33	0.0	1000	0	TRUE	NA	NA	NA	NA	NA
NC_045512.2	569	C	T	1000.0	0	33	0.0	0	33	0.0	1000	0	TRUE	NA	NA	NA	NA	NA
NC_045512.2	570	G	T	757.938956574506	0	33	242.06104342549395	0	33	0.24206104342549395	1000	0	TRUE	NA	NA	NA	NA	NA
NC_045512.2	571	T	G	1000.0	0	33	0.0	0	33	0.0	1000	0	TRUE	NA	NA	NA	NA	NA
NC_045512.2	572	T	C	757.938956574506	0	33	242.06104342549395	0	33	0.24206104342549395	1000	0	TRUE	NA	NA	NA	NA	NA
NC_045512.2	572	T	G	757.938956574506	0	33	0.0	0	33	0.0	1000	0	TRUE	NA	NA	NA	NA	NA
NC_045512.2	573	C	T	88.0174466348429	0	33	911.9825533651571	0	33	0.9119825533651571	1000	0	TRUE	NA	NA	NA	NA	NA
NC_045512.2	574	C	T	741.8833980844452	0	33	258.11660191555484	0	33	0.25811660191555486	1000	0	TRUE	NA	NA	NA	NA	NA
NC_045512.2	575	G	T	757.938956574506	0	33	242.06104342549395	0	33	0.24206104342549395	1000	0	TRUE	NA	NA	NA	NA	NA
NC_045512.2	576	G	T	1000.0	0	33	0.0	0	33	0.0	1000	0	TRUE	NA	NA	NA	NA	NA
NC_045512.2	577	T	C	757.938956574506	0	33	242.06104342549395	0	33	0.24206104342549395	1000	0	TRUE	NA	NA	NA	NA	NA
NC_045512.2	579	G	T	1000.0	0	33	0.0	0	33	0.0	1000	0	TRUE	NA	NA	NA	NA	NA
NC_045512.2	580	C	T	1000.0	0	33	0.0	0	33	0.0	1000	0	TRUE	NA	NA	NA	NA	NA
NC_045512.2	582	G	C	1000.0	0	33	0.0	0	33	0.0	1000	0	TRUE	NA	NA	NA	NA	NA
NC_045512.2	582	G	T	1000.0	0	33	0.0	0	33	0.0	1000	0	TRUE	NA	NA	NA	NA	NA
NC_045512.2	583	C	T	330.07849006033683	0	33	669.9215099396631	0	33	0.6699215099396632	1000	0	TRUE	NA	NA	NA	NA	NA
NC_045512.2	585	T	C	588.1950919758917	0	33	0.0	0	33	0.0	1000	0	TRUE	NA	NA	NA	NA	NA
NC_045512.2	585	T	G	588.1950919758917	0	33	411.8049080241083	0	33	0.4118049080241083	1000	0	TRUE	NA	NA	NA	NA	NA
NC_045512.2	585	T	A	588.1950919758917	0	33	0.0	0	33	0.0	1000	0	TRUE	NA	NA	NA	NA	NA
NC_045512.2	586	C	T	1000.0	0	33	0.0	0	33	0.0	1000	0	TRUE	NA	NA	NA	NA	NA
NC_045512.2	586	C	G	1000.0	0	33	0.0	0	33	0.0	1000	0	TRUE	NA	NA	NA	NA	NA
NC_045512.2	587	T	G	757.938956574506	0	33	242.06104342549395	0	33	0.24206104342549395	1000	0	TRUE	NA	NA	NA	NA	NA
NC_045512.2	587	T	C	757.938956574506	0	33	0.0	0	33	0.0	1000	0	TRUE	NA	NA	NA	NA	NA
NC_045512.2	588	C	T	1000.0	0	33	0.0	0	33	0.0	1000	0	TRUE	NA	NA	NA	NA	NA
NC_045512.2	590	T	G	330.07849006033683	0	33	669.9215099396631	0	33	0.6699215099396632	1000	0	TRUE	NA	NA	NA	NA	NA
NC_045512.2	591	T	C	588.1950919758917	0	33	411.8049080241083	0	33	0.4118049080241083	1000	0	TRUE	NA	NA	NA	NA	NA
NC_045512.2	592	T	C	88.0174466348429	0	33	911.9825533651571	0	33	0.9119825533651571	1000	0	TRUE	NA	NA	NA	NA	NA
NC_045512.2	593	A	T	1000.0	0	33	0.0	0	33	0.0	1000	0	TRUE	NA	NA	NA	NA	NA
NC_045512.2	594	G	T	1000.0	0	33	0.0	0	33	0.0	1000	0	TRUE	NA	NA	NA	NA	NA
NC_045512.2	597	G	T	1000.0	0	33	0.0	0	33	0.0	1000	0	TRUE	NA	NA	NA	NA	NA
NC_045512.2	598	A	G	1000.0	0	33	0.0	0	33	0.0	1000	0	TRUE	NA	NA	NA	NA	NA
NC_045512.2	598	A	T	1000.0	0	33	0.0	0	33	0.0	1000	0	TRUE	NA	NA	NA	NA	NA
NC_045512.2	599	G	T	1000.0	0	33	0.0	0	33	0.0	1000	0	TRUE	NA	NA	NA	NA	NA
NC_045512.2	600	G	T	88.0174466348429	0	33	911.9825533651571	0	33	0.9119825533651571	1000	0	TRUE	NA	NA	NA	NA	NA
NC_045512.2	601	C	T	88.0174466348429	0	33	911.9825533651571	0	33	0.9119825533651571	1000	0	TRUE	NA	NA	NA	NA	NA
NC_045512.2	602	T	C	1000.0	0	33	0.0	0	33	0.0	1000	0	TRUE	NA	NA	NA	NA	NA
NC_045512.2	603	T	C	757.938956574506	0	33	242.06104342549395	0	33	0.24206104342549395	1000	0	TRUE	NA	NA	NA	NA	NA
NC_045512.2	606	C	G	1000.0	0	33	0.0	0	33	0.0	1000	0	TRUE	NA	NA	NA	NA	NA
NC_045512.2	606	C	T	1000.0	0	33	0.0	0	33	0.0	1000	0	TRUE	NA	NA	NA	NA	NA
NC_045512.2	607	C	T	1000.0	0	33	0.0	0	33	0.0	1000	0	TRUE	NA	NA	NA	NA	NA
NC_045512.2	608	G	A	330.07849006033683	0	33	669.9215099396631	0	33	0.6699215099396632	1000	0	TRUE	NA	NA	NA	NA	NA
NC_045512.2	608	G	T	330.07849006033683	0	33	0.0	0	33	0.0	1000	0	TRUE	NA	NA	NA	NA	NA
NC_045512.2	610	C	T	1000.0	0	33	0.0	0	33	0.0	1000	0	TRUE	NA	NA	NA	NA	NA
NC_045512.2	611	T	C	741.8833980844452	0	33	0.0	0	33	0.0	1000	0	TRUE	NA	NA	NA	NA	NA
NC_045512.2	611	T	G	741.8833980844452	0	33	258.11660191555484	0	33	0.25811660191555486	1000	0	TRUE	NA	NA	NA	NA	NA
NC_045512.2	612	G	T	1000.0	0	33	0.0	0	33	0.0	1000	0	TRUE	NA	NA	NA	NA	NA
NC_045512.2	613	G	T	1000.0	0	33	0.0	0	33	0.0	1000	0	TRUE	NA	NA	NA	NA	NA
NC_045512.2	614	A	G	1000.0	0	33	0.0	0	33	0.0	1000	0	TRUE	NA	NA	NA	NA	NA
NC_045512.2	615	T	A	88.0174466348429	0	33	0.0	0	33	0.0	1000	0	TRUE	NA	NA	NA	NA	NA
NC_045512.2	615	T	C	88.0174466348429	0	33	911.9825533651571	0	33	0.9119825533651571	1000	0	TRUE	NA	NA	NA	NA	NA
NC_045512.2	615	T	G	88.0174466348429	0	33	0.0	0	33	0.0	1000	0	TRUE	NA	NA	NA	NA	NA
NC_045512.2	616	C	T	757.938956574506	0	33	242.06104342549395	0	33	0.24206104342549395	1000	0	TRUE	NA	NA	NA	NA	NA
NC_045512.2	618	T	C	1.1102230246251565e-13	0	33	999.9999999999999	0	33	0.9999999999999999	1000	0	TRUE	NA	NA	NA	NA	NA
NC_045512.2	618	T	G	1.1102230246251565e-13	0	33	0.0	0	33	0.0	1000	0	TRUE	NA	NA	NA	NA	NA
NC_045512.2	619	A	T	1000.0	0	33	0.0	0	33	0.0	1000	0	TRUE	NA	NA	NA	NA	NA
NC_045512.2	621	C	T	757.938956574506	0	33	242.06104342549395	0	33	0.24206104342549395	1000	0	TRUE	NA	NA	NA	NA	NA
NC_045512.2	622	T	G	88.0174466348429	0	33	911.9825533651571	0	33	0.9119825533651571	1000	0	TRUE	NA	NA	NA	NA	NA
NC_045512.2	623	G	C	330.07849006033683	0	33	669.9215099396631	0	33	0.6699215099396632	1000	0	TRUE	NA	NA	NA	NA	NA
NC_045512.2	623	G	T	330.07849006033683	0	33	0.0	0	33	0.0	1000	0	TRUE	NA	NA	NA	NA	NA
NC_045512.2	624	G	T	330.07849006033683	0	33	669.9215099396631	0	33	0.6699215099396632	1000	0	TRUE	NA	NA	NA	NA	NA
NC_045512.2	626	C	T	1000.0	0	33	0.0	0	33	0.0	1000	0	TRUE	NA	NA	NA	NA	NA
NC_045512.2	627	C	G	1000.0	0	33	0.0	0	33	0.0	1000	0	TRUE	NA	NA	NA	NA	NA
NC_045512.2	627	C	T	1000.0	0	33	0.0	0	33	0.0	1000	0	TRUE	NA	NA	NA	NA	NA
NC_045512.2	628	T	C	1.1102230246251565e-13	0	33	999.9999999999999	0	33	0.9999999999999999	1000	0	TRUE	NA	NA	NA	NA	NA
NC_045512.2	629	C	T	1000.0	0	33	0.0	0	33	0.0	1000	0	TRUE	NA	NA	NA	NA	NA
NC_045512.2	630	G	T	1000.0	0	33	0.0	0	33	0.0	1000	0	TRUE	NA	NA	NA	NA	NA
NC_045512.2	631	T	C	330.07849006033683	0	33	669.9215099396631	0	33	0.6699215099396632	1000	0	TRUE	NA	NA	NA	NA	NA
NC_045512.2	632	G	C	1000.0	0	33	0.0	0	33	0.0	1000	0	TRUE	NA	NA	NA	NA	NA
NC_045512.2	633	C	T	1000.0	0	33	0.0	0	33	0.0	1000	0	TRUE	NA	NA	NA	NA	NA
NC_045512.2	634	T	C	1000.0	0	33	0.0	0	33	0.0	1000	0	TRUE	NA	NA	NA	NA	NA
NC_045512.2	634	T	G	1000.0	0	33	0.0	0	33	0.0	1000	0	TRUE	NA	NA	NA	NA	NA
NC_045512.2	635	G	T	1000.0	0	33	0.0	0	33	0.0	1000	0	TRUE	NA	NA	NA	NA	NA
NC_045512.2	637	G	C	757.938956574506	0	33	0.0	0	33	0.0	1000	0	TRUE	NA	NA	NA	NA	NA
NC_045512.2	637	G	T	757.938956574506	0	33	242.06104342549395	0	33	0.24206104342549395	1000	0	TRUE	NA	NA	NA	NA	NA
NC_045512.2	639	A	G	1000.0	0	33	0.0	0	33	0.0	1000	0	TRUE	NA	NA	NA	NA	NA
NC_045512.2	640	T	C	1.1102230246251565e-13	0	33	999.9999999999999	0	33	0.9999999999999999	1000	0	TRUE	NA	NA	NA	NA	NA
NC_045512.2	640	T	G	1.1102230246251565e-13	0	33	0.0	0	33	0.0	1000	0	TRUE	NA	NA	NA	NA	NA
NC_045512.2	642	G	T	911.9825533651572	0	33	88.01744663484281	0	33	0.08801744663484282	1000	0	TRUE	NA	NA	NA	NA	NA
NC_045512.2	643	T	C	88.0174466348429	0	33	911.9825533651571	0	33	0.9119825533651571	1000	0	TRUE	NA	NA	NA	NA	NA
NC_045512.2	645	G	T	1000.0	0	33	0.0	0	33	0.0	1000	0	TRUE	NA	NA	NA	NA	NA
NC_045512.2	645	G	C	1000.0	0	33	0.0	0	33	0.0	1000	0	TRUE	NA	NA	NA	NA	NA
NC_045512.2	647	C	T	1000.0	0	33	0.0	0	33	0.0	1000	0	TRUE	NA	NA	NA	NA	NA
NC_045512.2	650	T	C	741.8833980844452	0	33	258.11660191555484	0	33	0.25811660191555486	1000	0	TRUE	NA	NA	NA	NA	NA
NC_045512.2	651	C	T	1000.0	0	33	0.0	0	33	0.0	1000	0	TRUE	NA	NA	NA	NA	NA
NC_045512.2	652	G	A	88.0174466348429	0	33	258.11660191555484	0	33	0.25811660191555486	1000	0	TRUE	NA	NA	NA	NA	NA
NC_045512.2	652	G	T	88.0174466348429	0	33	411.8049080241083	0	33	0.4118049080241083	1000	0	TRUE	NA	NA	NA	NA	NA
NC_045512.2	652	G	C	88.0174466348429	0	33	242.06104342549395	0	33	0.24206104342549395	1000	0	TRUE	NA	NA	NA	NA	NA
NC_045512.2	653	A	G	1000.0	0	33	0.0	0	33	0.0	1000	0	TRUE	NA	NA	NA	NA	NA
NC_045512.2	654	C	T	1000.0	0	33	0.0	0	33	0.0	1000	0	TRUE	NA	NA	NA	NA	NA
NC_045512.2	654	C	G	1000.0	0	33	0.0	0	33	0.0	1000	0	TRUE	NA	NA	NA	NA	NA
NC_045512.2	657	T	C	1.1102230246251565e-13	0	33	999.9999999999999	0	33	0.9999999999999999	1000	0	TRUE	NA	NA	NA	NA	NA
NC_045512.2	657	T	G	1.1102230246251565e-13	0	33	0.0	0	33	0.0	1000	0	TRUE	NA	NA	NA	NA	NA
NC_045512.2	658	T	A	88.0174466348429	0	33	242.06104342549395	0	33	0.24206104342549395	1000	0	TRUE	NA	NA	NA	NA	NA
NC_045512.2	658	T	C	88.0174466348429	0	33	669.9215099396631	0	33	0.6699215099396632	1000	0	TRUE	NA	NA	NA	NA	NA
NC_045512.2	658	T	G	88.0174466348429	0	33	0.0	0	33	0.0	1000	0	TRUE	NA	NA	NA	NA	NA
NC_045512.2	660	A	C	1000.0	0	33	0.0	0	33	0.0	1000	0	TRUE	NA	NA	NA	NA	NA
NC_045512.2	662	C	T	757.938956574506	0	33	242.06104342549395	0	33	0.24206104342549395	1000	0	TRUE	NA	NA	NA	NA	NA
NC_045512.2	665	T	C	330.07849006033683	0	33	669.9215099396631	0	33	0.6699215099396632	1000	0	TRUE	NA	NA	NA	NA	NA
NC_045512.2	666	T	C	757.938956574506	0	33	0.0	0	33	0.0	1000	0	TRUE	NA	NA	NA	NA	NA
NC_045512.2	666	T	G	757.938956574506	0	33	242.06104342549395	0	33	0.24206104342549395	1000	0	TRUE	NA	NA	NA	NA	NA
NC_045512.2	668	T	C	1000.0	0	33	0.0	0	33	0.0	1000	0	TRUE	NA	NA	NA	NA	NA
NC_045512.2	668	T	G	1000.0	0	33	0.0	0	33	0.0	1000	0	TRUE	NA	NA	NA	NA	NA
NC_045512.2	670	T	G	1.1102230246251565e-13	0	33	999.9999999999999	0	33	0.9999999999999999	1000	0	TRUE	NA	NA	NA	NA	NA
NC_045512.2	672	G	C	757.938956574506	0	33	0.0	0	33	0.0	1000	0	TRUE	NA	NA	NA	NA	NA
NC_045512.2	672	G	T	757.938956574506	0	33	242.06104342549395	0	33	0.24206104342549395	1000	0	TRUE	NA	NA	NA	NA	NA
NC_045512.2	673	G	C	1000.0	0	33	0.0	0	33	0.0	1000	0	TRUE	NA	NA	NA	NA	NA
NC_045512.2	675	G	T	757.938956574506	0	33	242.06104342549395	0	33	0.24206104342549395	1000	0	TRUE	NA	NA	NA	NA	NA
NC_045512.2	676	T	C	330.07849006033683	0	33	669.9215099396631	0	33	0.6699215099396632	1000	0	TRUE	NA	NA	NA	NA	NA
NC_045512.2	677	G	T	1000.0	0	33	0.0	0	33	0.0	1000	0	TRUE	NA	NA	NA	NA	NA
NC_045512.2	678	C	T	741.8833980844452	0	33	258.11660191555484	0	33	0.25811660191555486	1000	0	TRUE	NA	NA	NA	NA	NA
NC_045512.2	679	T	C	88.0174466348429	0	33	911.9825533651571	0	33	0.9119825533651571	1000	0	TRUE	NA	NA	NA	NA	NA
NC_045512.2	679	T	G	88.0174466348429	0	33	0.0	0	33	0.0	1000	0	TRUE	NA	NA	NA	NA	NA
NC_045512.2	683	T	G	1000.0	0	33	0.0	0	33	0.0	1000	0	TRUE	NA	NA	NA	NA	NA
NC_045512.2	684	G	T	330.07849006033683	0	33	669.9215099396631	0	33	0.6699215099396632	1000	0	TRUE	NA	NA	NA	NA	NA
NC_045512.2	688	T	G	1000.0	0	33	0.0	0	33	0.0	1000	0	TRUE	NA	NA	NA	NA	NA
NC_045512.2	689	G	T	88.0174466348429	0	33	669.9215099396631	0	33	0.6699215099396632	1000	0	TRUE	NA	NA	NA	NA	NA
NC_045512.2	689	G	C	88.0174466348429	0	33	0.0	0	33	0.0	1000	0	TRUE	NA	NA	NA	NA	NA
NC_045512.2	689	G	A	88.0174466348429	0	33	242.06104342549395	0	33	0.24206104342549395	1000	0	TRUE	NA	NA	NA	NA	NA
NC_045512.2	691	G	A	1000.0	0	33	0.0	0	33	0.0	1000	0	TRUE	NA	NA	NA	NA	NA
NC_045512.2	691	G	T	1000.0	0	33	0.0	0	33	0.0	1000	0	TRUE	NA	NA	NA	NA	NA
NC_045512.2	693	T	G	330.07849006033683	0	33	669.9215099396631	0	33	0.6699215099396632	1000	0	TRUE	NA	NA	NA	NA	NA
NC_045512.2	695	G	T	88.0174466348429	0	33	911.9825533651571	0	33	0.9119825533651571	1000	0	TRUE	NA	NA	NA	NA	NA
NC_045512.2	696	T	G	88.0174466348429	0	33	911.9825533651571	0	33	0.9119825533651571	1000	0	TRUE	NA	NA	NA	NA	NA
NC_045512.2	699	G	T	330.07849006033683	0	33	669.9215099396631	0	33	0.6699215099396632	1000	0	TRUE	NA	NA	NA	NA	NA
NC_045512.2	701	T	C	757.938956574506	0	33	0.0	0	33	0.0	1000	0	TRUE	NA	NA	NA	NA	NA
NC_045512.2	701	T	G	757.938956574506	0	33	242.06104342549395	0	33	0.24206104342549395	1000	0	TRUE	NA	NA	NA	NA	NA
NC_045512.2	702	G	A	1000.0	0	33	0.0	0	33	0.0	1000	0	TRUE	NA	NA	NA	NA	NA
NC_045512.2	702	G	T	1000.0	0	33	0.0	0	33	0.0	1000	0	TRUE	NA	NA	NA	NA	NA
NC_045512.2	703	C	T	242.06104342549406	0	33	757.9389565745059	0	33	0.7579389565745059	1000	0	TRUE	NA	NA	NA	NA	NA
NC_045512.2	703	C	G	242.06104342549406	0	33	0.0	0	33	0.0	1000	0	TRUE	NA	NA	NA	NA	NA
NC_045512.2	704	C	T	1000.0	0	33	0.0	0	33	0.0	1000	0	TRUE	NA	NA	NA	NA	NA
NC_045512.2	705	A	G	1000.0	0	33	0.0	0	33	0.0	1000	0	TRUE	NA	NA	NA	NA	NA
NC_045512.2	705	A	T	1000.0	0	33	0.0	0	33	0.0	1000	0	TRUE	NA	NA	NA	NA	NA
NC_045512.2	706	C	T	330.07849006033683	0	33	669.9215099396631	0	33	0.6699215099396632	1000	0	TRUE	NA	NA	NA	NA	NA
NC_045512.2	707	A	C	1000.0	0	33	0.0	0	33	0.0	1000	0	TRUE	NA	NA	NA	NA	NA
NC_045512.2	707	A	G	1000.0	0	33	0.0	0	33	0.0	1000	0	TRUE	NA	NA	NA	NA	NA
NC_045512.2	708	T	C	88.0174466348429	0	33	911.9825533651571	0	33	0.9119825533651571	1000	0	TRUE	NA	NA	NA	NA	NA
NC_045512.2	708	T	G	88.0174466348429	0	33	0.0	0	33	0.0	1000	0	TRUE	NA	NA	NA	NA	NA
NC_045512.2	709	G	T	1.1102230246251565e-13	0	33	999.9999999999999	0	33	0.9999999999999999	1000	0	TRUE	NA	NA	NA	NA	NA
NC_045512.2	710	G	A	330.07849006033683	0	33	669.9215099396631	0	33	0.6699215099396632	1000	0	TRUE	NA	NA	NA	NA	NA
NC_045512.2	710	G	C	330.07849006033683	0	33	0.0	0	33	0.0	1000	0	TRUE	NA	NA	NA	NA	NA
NC_045512.2	711	C	G	1000.0	0	33	0.0	0	33	0.0	1000	0	TRUE	NA	NA	NA	NA	NA
NC_045512.2	712	C	G	88.0174466348429	0	33	0.0	0	33	0.0	1000	0	TRUE	NA	NA	NA	NA	NA
NC_045512.2	712	C	T	88.0174466348429	0	33	911.9825533651571	0	33	0.9119825533651571	1000	0	TRUE	NA	NA	NA	NA	NA
NC_045512.2	713	C	T	330.07849006033683	0	33	669.9215099396631	0	33	0.6699215099396632	1000	0	TRUE	NA	NA	NA	NA	NA
NC_045512.2	714	C	T	757.938956574506	0	33	242.06104342549395	0	33	0.24206104342549395	1000	0	TRUE	NA	NA	NA	NA	NA
NC_045512.2	715	G	T	1000.0	0	33	0.0	0	33	0.0	1000	0	TRUE	NA	NA	NA	NA	NA
NC_045512.2	715	G	C	1000.0	0	33	0.0	0	33	0.0	1000	0	TRUE	NA	NA	NA	NA	NA
NC_045512.2	716	A	C	1000.0	0	33	0.0	0	33	0.0	1000	0	TRUE	NA	NA	NA	NA	NA
NC_045512.2	717	T	G	330.07849006033683	0	33	669.9215099396631	0	33	0.6699215099396632	1000	0	TRUE	NA	NA	NA	NA	NA
NC_045512.2	717	T	C	330.07849006033683	0	33	0.0	0	33	0.0	1000	0	TRUE	NA	NA	NA	NA	NA
NC_045512.2	718	C	T	330.07849006033683	0	33	669.9215099396631	0	33	0.6699215099396632	1000	0	TRUE	NA	NA	NA	NA	NA
NC_045512.2	720	C	G	88.0174466348429	0	33	242.06104342549395	0	33	0.24206104342549395	1000	0	TRUE	NA	NA	NA	NA	NA
NC_045512.2	720	C	T	88.0174466348429	0	33	669.9215099396631	0	33	0.6699215099396632	1000	0	TRUE	NA	NA	NA	NA	NA
NC_045512.2	722	C	A	330.07849006033683	0	33	669.9215099396631	0	33	0.6699215099396632	1000	0	TRUE	NA	NA	NA	NA	NA
NC_045512.2	723	G	T	1000.0	0	33	0.0	0	33	0.0	1000	0	TRUE	NA	NA	NA	NA	NA
NC_045512.2	724	T	G	1.1102230246251565e-13	0	33	999.9999999999999	0	33	0.9999999999999999	1000	0	TRUE	NA	NA	NA	NA	NA
NC_045512.2	724	T	C	1.1102230246251565e-13	0	33	0.0	0	33	0.0	1000	0	TRUE	NA	NA	NA	NA	NA
NC_045512.2	726	C	G	330.07849006033683	0	33	669.9215099396631	0	33	0.6699215099396632	1000	0	TRUE	NA	NA	NA	NA	NA
NC_045512.2	728	C	T	1000.0	0	33	0.0	0	33	0.0	1000	0	TRUE	NA	NA	NA	NA	NA
NC_045512.2	728	C	G	1000.0	0	33	0.0	0	33	0.0	1000	0	TRUE	NA	NA	NA	NA	NA
NC_045512.2	729	T	G	88.0174466348429	0	33	911.9825533651571	0	33	0.9119825533651571	1000	0	TRUE	NA	NA	NA	NA	NA
NC_045512.2	730	T	C	330.07849006033683	0	33	669.9215099396631	0	33	0.6699215099396632	1000	0	TRUE	NA	NA	NA	NA	NA
NC_045512.2	730	T	G	330.07849006033683	0	33	0.0	0	33	0.0	1000	0	TRUE	NA	NA	NA	NA	NA
NC_045512.2	731	C	T	1000.0	0	33	0.0	0	33	0.0	1000	0	TRUE	NA	NA	NA	NA	NA
NC_045512.2	732	C	G	1000.0	0	33	0.0	0	33	0.0	1000	0	TRUE	NA	NA	NA	NA	NA
NC_045512.2	733	T	G	88.0174466348429	0	33	911.9825533651571	0	33	0.9119825533651571	1000	0	TRUE	NA	NA	NA	NA	NA
NC_045512.2	733	T	C	88.0174466348429	0	33	0.0	0	33	0.0	1000	0	TRUE	NA	NA	NA	NA	NA
NC_045512.2	734	C	T	88.0174466348429	0	33	911.9825533651571	0	33	0.9119825533651571	1000	0	TRUE	NA	NA	NA	NA	NA
NC_045512.2	735	C	T	757.938956574506	0	33	242.06104342549395	0	33	0.24206104342549395	1000	0	TRUE	NA	NA	NA	NA	NA
NC_045512.2	736	G	T	1000.0	0	33	0.0	0	33	0.0	1000	0	TRUE	NA	NA	NA	NA	NA
NC_045512.2	736	G	C	1000.0	0	33	0.0	0	33	0.0	1000	0	TRUE	NA	NA	NA	NA	NA
NC_045512.2	737	G	T	330.07849006033683	0	33	669.9215099396631	0	33	0.6699215099396632	1000	0	TRUE	NA	NA	NA	NA	NA
NC_045512.2	738	T	C	88.0174466348429	0	33	911.9825533651571	0	33	0.9119825533651571	1000	0	TRUE	NA	NA	NA	NA	NA
NC_045512.2	738	T	G	88.0174466348429	0	33	0.0	0	33	0.0	1000	0	TRUE	NA	NA	NA	NA	NA
NC_045512.2	740	G	T	330.07849006033683	0	33	669.9215099396631	0	33	0.6699215099396632	1000	0	TRUE	NA	NA	NA	NA	NA
NC_045512.2	740	G	C	330.07849006033683	0	33	0.0	0	33	0.0	1000	0	TRUE	NA	NA	NA	NA	NA
NC_045512.2	741	G	C	1000.0	0	33	0.0	0	33	0.0	1000	0	TRUE	NA	NA	NA	NA	NA
NC_045512.2	742	T	C	741.8833980844452	0	33	0.0	0	33	0.0	1000	0	TRUE	NA	NA	NA	NA	NA
NC_045512.2	742	T	G	741.8833980844452	0	33	258.11660191555484	0	33	0.25811660191555486	1000	0	TRUE	NA	NA	NA	NA	NA
NC_045512.2	743	G	T	1000.0	0	33	0.0	0	33	0.0	1000	0	TRUE	NA	NA	NA	NA	NA
NC_045512.2	745	C	T	1000.0	0	33	0.0	0	33	0.0	1000	0	TRUE	NA	NA	NA	NA	NA
NC_045512.2	745	C	G	1000.0	0	33	0.0	0	33	0.0	1000	0	TRUE	NA	NA	NA	NA	NA
NC_045512.2	746	C	T	1000.0	0	33	0.0	0	33	0.0	1000	0	TRUE	NA	NA	NA	NA	NA
NC_045512.2	748	T	G	330.07849006033683	0	33	669.9215099396631	0	33	0.6699215099396632	1000	0	TRUE	NA	NA	NA	NA	NA
NC_045512.2	748	T	C	330.07849006033683	0	33	0.0	0	33	0.0	1000	0	TRUE	NA	NA	NA	NA	NA
NC_045512.2	749	C	T	1000.0	0	33	0.0	0	33	0.0	1000	0	TRUE	NA	NA	NA	NA	NA
NC_045512.2	751	G	T	1000.0	0	33	0.0	0	33	0.0	1000	0	TRUE	NA	NA	NA	NA	NA
NC_045512.2	752	C	G	757.938956574506	0	33	0.0	0	33	0.0	1000	0	TRUE	NA	NA	NA	NA	NA
NC_045512.2	752	C	T	757.938956574506	0	33	242.06104342549395	0	33	0.24206104342549395	1000	0	TRUE	NA	NA	NA	NA	NA
NC_045512.2	753	A	C	330.07849006033683	0	33	669.9215099396631	0	33	0.6699215099396632	1000	0	TRUE	NA	NA	NA	NA	NA
NC_045512.2	755	G	A	330.07849006033683	0	33	669.9215099396631	0	33	0.6699215099396632	1000	0	TRUE	NA	NA	NA	NA	NA
NC_045512.2	755	G	C	330.07849006033683	0	33	0.0	0	33	0.0	1000	0	TRUE	NA	NA	NA	NA	NA
NC_045512.2	756	C	T	330.07849006033683	0	33	411.8049080241083	0	33	0.4118049080241083	1000	0	TRUE	NA	NA	NA	NA	NA
NC_045512.2	756	C	G	330.07849006033683	0	33	258.11660191555484	0	33	0.25811660191555486	1000	0	TRUE	NA	NA	NA	NA	NA
NC_045512.2	757	T	C	330.07849006033683	0	33	669.9215099396631	0	33	0.6699215099396632	1000	0	TRUE	NA	NA	NA	NA	NA
NC_045512.2	757	T	G	330.07849006033683	0	33	0.0	0	33	0.0	1000	0	TRUE	NA	NA	NA	NA	NA
NC_045512.2	760	T	G	88.0174466348429	0	33	0.0	0	33	0.0	1000	0	TRUE	NA	NA	NA	NA	NA
NC_045512.2	760	T	C	88.0174466348429	0	33	911.9825533651571	0	33	0.9119825533651571	1000	0	TRUE	NA	NA	NA	NA	NA
NC_045512.2	765	C	G	1000.0	0	33	0.0	0	33	0.0	1000	0	TRUE	NA	NA	NA	NA	NA
NC_045512.2	765	C	T	1000.0	0	33	0.0	0	33	0.0	1000	0	TRUE	NA	NA	NA	NA	NA
NC_045512.2	766	T	C	330.07849006033683	0	33	669.9215099396631	0	33	0.6699215099396632	1000	0	TRUE	NA	NA	NA	NA	NA
NC_045512.2	768	T	C	669.9215099396632	0	33	330.0784900603367	0	33	0.33007849006033674	1000	0	TRUE	NA	NA	NA	NA	NA
NC_045512.2	770	T	G	1000.0	0	33	0.0	0	33	0.0	1000	0	TRUE	NA	NA	NA	NA	NA
NC_045512.2	770	T	C	1000.0	0	33	0.0	0	33	0.0	1000	0	TRUE	NA	NA	NA	NA	NA
NC_045512.2	772	T	C	1000.0	0	33	0.0	0	33	0.0	1000	0	TRUE	NA	NA	NA	NA	NA
NC_045512.2	772	T	G	1000.0	0	33	0.0	0	33	0.0	1000	0	TRUE	NA	NA	NA	NA	NA
NC_045512.2	774	T	C	757.938956574506	0	33	242.06104342549395	0	33	0.24206104342549395	1000	0	TRUE	NA	NA	NA	NA	NA
NC_045512.2	774	T	G	757.938956574506	0	33	0.0	0	33	0.0	1000	0	TRUE	NA	NA	NA	NA	NA
NC_045512.2	776	T	G	1000.0	0	33	0.0	0	33	0.0	1000	0	TRUE	NA	NA	NA	NA	NA
NC_045512.2	776	T	C	1000.0	0	33	0.0	0	33	0.0	1000	0	TRUE	NA	NA	NA	NA	NA
NC_045512.2	777	G	T	741.8833980844452	0	33	258.11660191555484	0	33	0.25811660191555486	1000	0	TRUE	NA	NA	NA	NA	NA
NC_045512.2	779	T	C	1000.0	0	33	0.0	0	33	0.0	1000	0	TRUE	NA	NA	NA	NA	NA
NC_045512.2	779	T	G	1000.0	0	33	0.0	0	33	0.0	1000	0	TRUE	NA	NA	NA	NA	NA
NC_045512.2	780	G	A	757.938956574506	0	33	242.06104342549395	0	33	0.24206104342549395	1000	0	TRUE	NA	NA	NA	NA	NA
NC_045512.2	781	T	C	88.0174466348429	0	33	0.0	0	33	0.0	1000	0	TRUE	NA	NA	NA	NA	NA
NC_045512.2	781	T	G	88.0174466348429	0	33	911.9825533651571	0	33	0.9119825533651571	1000	0	TRUE	NA	NA	NA	NA	NA
NC_045512.2	783	T	C	330.07849006033683	0	33	669.9215099396631	0	33	0.6699215099396632	1000	0	TRUE	NA	NA	NA	NA	NA
NC_045512.2	783	T	G	330.07849006033683	0	33	0.0	0	33	0.0	1000	0	TRUE	NA	NA	NA	NA	NA
NC_045512.2	784	C	T	88.0174466348429	0	33	911.9825533651571	0	33	0.9119825533651571	1000	0	TRUE	NA	NA	NA	NA	NA
NC_045512.2	785	C	T	1000.0	0	33	0.0	0	33	0.0	1000	0	TRUE	NA	NA	NA	NA	NA
NC_045512.2	786	A	G	1000.0	0	33	0.0	0	33	0.0	1000	0	TRUE	NA	NA	NA	NA	NA
NC_045512.2	787	T	C	1000.0	0	33	0.0	0	33	0.0	1000	0	TRUE	NA	NA	NA	NA	NA
NC_045512.2	791	A	G	88.0174466348429	0	33	669.9215099396631	0	33	0.6699215099396632	1000	0	TRUE	NA	NA	NA	NA	NA
NC_045512.2	791	A	T	88.0174466348429	0	33	242.06104342549395	0	33	0.24206104342549395	1000	0	TRUE	NA	NA	NA	NA	NA
NC_045512.2	795	C	T	1000.0	0	33	0.0	0	33	0.0	1000	0	TRUE	NA	NA	NA	NA	NA
NC_045512.2	797	C	T	330.07849006033683	0	33	669.9215099396631	0	33	0.6699215099396632	1000	0	TRUE	NA	NA	NA	NA	NA
NC_045512.2	797	C	G	330.07849006033683	0	33	0.0	0	33	0.0	1000	0	TRUE	NA	NA	NA	NA	NA
NC_045512.2	799	C	T	757.938956574506	0	33	242.06104342549395	0	33	0.24206104342549395	1000	0	TRUE	NA	NA	NA	NA	NA
NC_045512.2	801	T	C	741.8833980844452	0	33	0.0	0	33	0.0	1000	0	TRUE	NA	NA	NA	NA	NA
NC_045512.2	801	T	G	741.8833980844452	0	33	258.11660191555484	0	33	0.25811660191555486	1000	0	TRUE	NA	NA	NA	NA	NA
NC_045512.2	802	G	T	88.0174466348429	0	33	911.9825533651571	0	33	0.9119825533651571	1000	0	TRUE	NA	NA	NA	NA	NA
NC_045512.2	802	G	C	88.0174466348429	0	33	0.0	0	33	0.0	1000	0	TRUE	NA	NA	NA	NA	NA
NC_045512.2	803	C	G	757.938956574506	0	33	242.06104342549395	0	33	0.24206104342549395	1000	0	TRUE	NA	NA	NA	NA	NA
NC_045512.2	803	C	T	757.938956574506	0	33	0.0	0	33	0.0	1000	0	TRUE	NA	NA	NA	NA	NA
NC_045512.2	806	G	T	330.07849006033683	0	33	669.9215099396631	0	33	0.6699215099396632	1000	0	TRUE	NA	NA	NA	NA	NA
NC_045512.2	806	G	C	330.07849006033683	0	33	0.0	0	33	0.0	1000	0	TRUE	NA	NA	NA	NA	NA
NC_045512.2	808	G	T	1000.0	0	33	0.0	0	33	0.0	1000	0	TRUE	NA	NA	NA	NA	NA
NC_045512.2	809	C	T	1000.0	0	33	0.0	0	33	0.0	1000	0	TRUE	NA	NA	NA	NA	NA
NC_045512.2	810	C	G	88.0174466348429	0	33	911.9825533651571	0	33	0.9119825533651571	1000	0	TRUE	NA	NA	NA	NA	NA
NC_045512.2	810	C	T	88.0174466348429	0	33	0.0	0	33	0.0	1000	0	TRUE	NA	NA	NA	NA	NA
NC_045512.2	811	C	T	1000.0	0	33	0.0	0	33	0.0	1000	0	TRUE	NA	NA	NA	NA	NA
NC_045512.2	811	C	A	1000.0	0	33	0.0	0	33	0.0	1000	0	TRUE	NA	NA	NA	NA	NA
NC_045512.2	812	C	G	330.07849006033683	0	33	411.8049080241083	0	33	0.4118049080241083	1000	0	TRUE	NA	NA	NA	NA	NA
NC_045512.2	812	C	T	330.07849006033683	0	33	258.11660191555484	0	33	0.25811660191555486	1000	0	TRUE	NA	NA	NA	NA	NA
NC_045512.2	813	C	T	1000.0	0	33	0.0	0	33	0.0	1000	0	TRUE	NA	NA	NA	NA	NA
NC_045512.2	816	C	T	757.938956574506	0	33	242.06104342549395	0	33	0.24206104342549395	1000	0	TRUE	NA	NA	NA	NA	NA
NC_045512.2	816	C	G	757.938956574506	0	33	0.0	0	33	0.0	1000	0	TRUE	NA	NA	NA	NA	NA
NC_045512.2	817	C	T	88.0174466348429	0	33	911.9825533651571	0	33	0.9119825533651571	1000	0	TRUE	NA	NA	NA	NA	NA
NC_045512.2	818	C	G	88.0174466348429	0	33	911.9825533651571	0	33	0.9119825533651571	1000	0	TRUE	NA	NA	NA	NA	NA
NC_045512.2	818	C	T	88.0174466348429	0	33	0.0	0	33	0.0	1000	0	TRUE	NA	NA	NA	NA	NA
NC_045512.2	820	G	T	499.8223546589512	0	33	500.1776453410488	0	33	0.5001776453410488	1000	0	TRUE	NA	NA	NA	NA	NA
NC_045512.2	821	T	C	757.938956574506	0	33	242.06104342549395	0	33	0.24206104342549395	1000	0	TRUE	NA	NA	NA	NA	NA
NC_045512.2	822	C	G	757.938956574506	0	33	242.06104342549395	0	33	0.24206104342549395	1000	0	TRUE	NA	NA	NA	NA	NA
NC_045512.2	822	C	T	757.938956574506	0	33	0.0	0	33	0.0	1000	0	TRUE	NA	NA	NA	NA	NA
NC_045512.2	823	C	T	757.938956574506	0	33	242.06104342549395	0	33	0.24206104342549395	1000	0	TRUE	NA	NA	NA	NA	NA
NC_045512.2	825	C	T	88.0174466348429	0	33	911.9825533651571	0	33	0.9119825533651571	1000	0	TRUE	NA	NA	NA	NA	NA
NC_045512.2	827	G	T	330.07849006033683	0	33	669.9215099396631	0	33	0.6699215099396632	1000	0	TRUE	NA	NA	NA	NA	NA
NC_045512.2	828	A	T	1000.0	0	33	0.0	0	33	0.0	1000	0	TRUE	NA	NA	NA	NA	NA
NC_045512.2	829	G	A	1000.0	0	33	0.0	0	33	0.0	1000	0	TRUE	NA	NA	NA	NA	NA
NC_045512.2	831	A	T	1000.0	0	33	0.0	0	33	0.0	1000	0	TRUE	NA	NA	NA	NA	NA
NC_045512.2	832	G	C	1000.0	0	33	0.0	0	33	0.0	1000	0	TRUE	NA	NA	NA	NA	NA
NC_045512.2	832	G	T	1000.0	0	33	0.0	0	33	0.0	1000	0	TRUE	NA	NA	NA	NA	NA
NC_045512.2	833	A	T	1000.0	0	33	0.0	0	33	0.0	1000	0	TRUE	NA	NA	NA	NA	NA
NC_045512.2	835	G	T	1000.0	0	33	0.0	0	33	0.0	1000	0	TRUE	NA	NA	NA	NA	NA
NC_045512.2	837	T	C	88.0174466348429	0	33	911.9825533651571	0	33	0.9119825533651571	1000	0	TRUE	NA	NA	NA	NA	NA
NC_045512.2	837	T	G	88.0174466348429	0	33	0.0	0	33	0.0	1000	0	TRUE	NA	NA	NA	NA	NA
NC_045512.2	838	G	T	1000.0	0	33	0.0	0	33	0.0	1000	0	TRUE	NA	NA	NA	NA	NA
NC_045512.2	839	G	T	1000.0	0	33	0.0	0	33	0.0	1000	0	TRUE	NA	NA	NA	NA	NA
NC_045512.2	840	C	T	1.1102230246251565e-13	0	33	999.9999999999999	0	33	0.9999999999999999	1000	0	TRUE	NA	NA	NA	NA	NA
NC_045512.2	842	G	C	1000.0	0	33	0.0	0	33	0.0	1000	0	TRUE	NA	NA	NA	NA	NA
NC_045512.2	842	G	T	1000.0	0	33	0.0	0	33	0.0	1000	0	TRUE	NA	NA	NA	NA	NA
NC_045512.2	843	T	A	88.0174466348429	0	33	911.9825533651571	0	33	0.9119825533651571	1000	0	TRUE	NA	NA	NA	NA	NA
NC_045512.2	843	T	G	88.0174466348429	0	33	0.0	0	33	0.0	1000	0	TRUE	NA	NA	NA	NA	NA
NC_045512.2	844	C	T	1000.0	0	33	0.0	0	33	0.0	1000	0	TRUE	NA	NA	NA	NA	NA
NC_045512.2	845	T	G	1000.0	0	33	0.0	0	33	0.0	1000	0	TRUE	NA	NA	NA	NA	NA
NC_045512.2	847	C	T	757.938956574506	0	33	242.06104342549395	0	33	0.24206104342549395	1000	0	TRUE	NA	NA	NA	NA	NA
NC_045512.2	848	T	C	88.0174466348429	0	33	911.9825533651571	0	33	0.9119825533651571	1000	0	TRUE	NA	NA	NA	NA	NA
NC_045512.2	848	T	G	88.0174466348429	0	33	0.0	0	33	0.0	1000	0	TRUE	NA	NA	NA	NA	NA
NC_045512.2	849	C	G	346.1340485503978	0	33	0.0	0	33	0.0	1000	0	TRUE	NA	NA	NA	NA	NA
NC_045512.2	849	C	T	346.1340485503978	0	33	653.8659514496022	0	33	0.6538659514496022	1000	0	TRUE	NA	NA	NA	NA	NA
NC_045512.2	850	T	C	330.07849006033683	0	33	0.0	0	33	0.0	1000	0	TRUE	NA	NA	NA	NA	NA
NC_045512.2	850	T	G	330.07849006033683	0	33	669.9215099396631	0	33	0.6699215099396632	1000	0	TRUE	NA	NA	NA	NA	NA
NC_045512.2	851	T	G	1000.0	0	33	0.0	0	33	0.0	1000	0	TRUE	NA	NA	NA	NA	NA
NC_045512.2	851	T	C	1000.0	0	33	0.0	0	33	0.0	1000	0	TRUE	NA	NA	NA	NA	NA
NC_045512.2	852	C	T	1000.0	0	33	0.0	0	33	0.0	1000	0	TRUE	NA	NA	NA	NA	NA
NC_045512.2	853	A	G	757.938956574506	0	33	242.06104342549395	0	33	0.24206104342549395	1000	0	TRUE	NA	NA	NA	NA	NA
NC_045512.2	854	T	C	757.938956574506	0	33	242.06104342549395	0	33	0.24206104342549395	1000	0	TRUE	NA	NA	NA	NA	NA
NC_045512.2	855	G	A	88.0174466348429	0	33	0.0	0	33	0.0	1000	0	TRUE	NA	NA	NA	NA	NA
NC_045512.2	855	G	T	88.0174466348429	0	33	911.9825533651571	0	33	0.9119825533651571	1000	0	TRUE	NA	NA	NA	NA	NA
NC_045512.2	856	T	C	1000.0	0	33	0.0	0	33	0.0	1000	0	TRUE	NA	NA	NA	NA	NA
NC_045512.2	856	T	G	1000.0	0	33	0.0	0	33	0.0	1000	0	TRUE	NA	NA	NA	NA	NA
NC_045512.2	857	T	C	1000.0	0	33	0.0	0	33	0.0	1000	0	TRUE	NA	NA	NA	NA	NA
NC_045512.2	857	T	G	1000.0	0	33	0.0	0	33	0.0	1000	0	TRUE	NA	NA	NA	NA	NA
NC_045512.2	858	T	C	1.1102230246251565e-13	0	33	0.0	0	33	0.0	1000	0	TRUE	NA	NA	NA	NA	NA
NC_045512.2	858	T	G	1.1102230246251565e-13	0	33	999.9999999999999	0	33	0.9999999999999999	1000	0	TRUE	NA	NA	NA	NA	NA
NC_045512.2	859	A	G	1000.0	0	33	0.0	0	33	0.0	1000	0	TRUE	NA	NA	NA	NA	NA
NC_045512.2	860	A	G	330.07849006033683	0	33	669.9215099396631	0	33	0.6699215099396632	1000	0	TRUE	NA	NA	NA	NA	NA
NC_045512.2	860	A	C	330.07849006033683	0	33	0.0	0	33	0.0	1000	0	TRUE	NA	NA	NA	NA	NA
NC_045512.2	861	G	T	330.07849006033683	0	33	669.9215099396631	0	33	0.6699215099396632	1000	0	TRUE	NA	NA	NA	NA	NA
NC_045512.2	863	T	C	88.0174466348429	0	33	0.0	0	33	0.0	1000	0	TRUE	NA	NA	NA	NA	NA
NC_045512.2	863	T	G	88.0174466348429	0	33	911.9825533651571	0	33	0.9119825533651571	1000	0	TRUE	NA	NA	NA	NA	NA
NC_045512.2	864	C	T	757.938956574506	0	33	242.06104342549395	0	33	0.24206104342549395	1000	0	TRUE	NA	NA	NA	NA	NA
NC_045512.2	865	G	T	1.1102230246251565e-13	0	33	330.0784900603367	0	33	0.33007849006033674	1000	0	TRUE	NA	NA	NA	NA	NA
NC_045512.2	865	G	C	1.1102230246251565e-13	0	33	669.9215099396631	0	33	0.6699215099396632	1000	0	TRUE	NA	NA	NA	NA	NA
NC_045512.2	866	C	G	88.0174466348429	0	33	242.06104342549395	0	33	0.24206104342549395	1000	0	TRUE	NA	NA	NA	NA	NA
NC_045512.2	866	C	T	88.0174466348429	0	33	669.9215099396631	0	33	0.6699215099396632	1000	0	TRUE	NA	NA	NA	NA	NA
NC_045512.2	868	G	T	1000.0	0	33	0.0	0	33	0.0	1000	0	TRUE	NA	NA	NA	NA	NA
NC_045512.2	869	T	C	1000.0	0	33	0.0	0	33	0.0	1000	0	TRUE	NA	NA	NA	NA	NA
NC_045512.2	869	T	G	1000.0	0	33	0.0	0	33	0.0	1000	0	TRUE	NA	NA	NA	NA	NA
NC_045512.2	870	G	T	1000.0	0	33	0.0	0	33	0.0	1000	0	TRUE	NA	NA	NA	NA	NA
NC_045512.2	873	T	G	330.07849006033683	0	33	0.0	0	33	0.0	1000	0	TRUE	NA	NA	NA	NA	NA
NC_045512.2	873	T	C	330.07849006033683	0	33	669.9215099396631	0	33	0.6699215099396632	1000	0	TRUE	NA	NA	NA	NA	NA
NC_045512.2	874	C	T	1000.0	0	33	0.0	0	33	0.0	1000	0	TRUE	NA	NA	NA	NA	NA
NC_045512.2	875	T	C	1.1102230246251565e-13	0	33	999.9999999999999	0	33	0.9999999999999999	1000	0	TRUE	NA	NA	NA	NA	NA
NC_045512.2	875	T	G	1.1102230246251565e-13	0	33	0.0	0	33	0.0	1000	0	TRUE	NA	NA	NA	NA	NA
NC_045512.2	876	T	C	1000.0	0	33	0.0	0	33	0.0	1000	0	TRUE	NA	NA	NA	NA	NA
NC_045512.2	876	T	G	1000.0	0	33	0.0	0	33	0.0	1000	0	TRUE	NA	NA	NA	NA	NA
NC_045512.2	878	A	G	1000.0	0	33	0.0	0	33	0.0	1000	0	TRUE	NA	NA	NA	NA	NA
NC_045512.2	879	T	G	757.938956574506	0	33	242.06104342549395	0	33	0.24206104342549395	1000	0	TRUE	NA	NA	NA	NA	NA
NC_045512.2	880	C	T	757.938956574506	0	33	242.06104342549395	0	33	0.24206104342549395	1000	0	TRUE	NA	NA	NA	NA	NA
NC_045512.2	880	C	G	757.938956574506	0	33	0.0	0	33	0.0	1000	0	TRUE	NA	NA	NA	NA	NA
NC_045512.2	882	C	A	1000.0	0	33	0.0	0	33	0.0	1000	0	TRUE	NA	NA	NA	NA	NA
NC_045512.2	885	T	A	1000.0	0	33	0.0	0	33	0.0	1000	0	TRUE	NA	NA	NA	NA	NA
NC_045512.2	885	T	G	1000.0	0	33	0.0	0	33	0.0	1000	0	TRUE	NA	NA	NA	NA	NA
NC_045512.2	887	G	T	330.07849006033683	0	33	669.9215099396631	0	33	0.6699215099396632	1000	0	TRUE	NA	NA	NA	NA	NA
NC_045512.2	888	C	G	88.0174466348429	0	33	0.0	0	33	0.0	1000	0	TRUE	NA	NA	NA	NA	NA
NC_045512.2	888	C	T	88.0174466348429	0	33	911.9825533651571	0	33	0.9119825533651571	1000	0	TRUE	NA	NA	NA	NA	NA
NC_045512.2	891	G	A	1000.0	0	33	0.0	0	33	0.0	1000	0	TRUE	NA	NA	NA	NA	NA
NC_045512.2	892	T	C	242.06104342549406	0	33	757.9389565745059	0	33	0.7579389565745059	1000	0	TRUE	NA	NA	NA	NA	NA
NC_045512.2	892	T	G	242.06104342549406	0	33	0.0	0	33	0.0	1000	0	TRUE	NA	NA	NA	NA	NA
NC_045512.2	893	C	T	1000.0	0	33	0.0	0	33	0.0	1000	0	TRUE	NA	NA	NA	NA	NA
NC_045512.2	894	T	G	1000.0	0	33	0.0	0	33	0.0	1000	0	TRUE	NA	NA	NA	NA	NA
NC_045512.2	895	T	C	499.8223546589512	0	33	500.1776453410488	0	33	0.5001776453410488	1000	0	TRUE	NA	NA	NA	NA	NA
NC_045512.2	895	T	G	499.8223546589512	0	33	0.0	0	33	0.0	1000	0	TRUE	NA	NA	NA	NA	NA
NC_045512.2	896	T	G	1000.0	0	33	0.0	0	33	0.0	1000	0	TRUE	NA	NA	NA	NA	NA
NC_045512.2	897	G	T	757.938956574506	0	33	242.06104342549395	0	33	0.24206104342549395	1000	0	TRUE	NA	NA	NA	NA	NA
NC_045512.2	898	G	T	1000.0	0	33	0.0	0	33	0.0	1000	0	TRUE	NA	NA	NA	NA	NA
NC_045512.2	900	C	G	88.0174466348429	0	33	911.9825533651571	0	33	0.9119825533651571	1000	0	TRUE	NA	NA	NA	NA	NA
NC_045512.2	900	C	T	88.0174466348429	0	33	0.0	0	33	0.0	1000	0	TRUE	NA	NA	NA	NA	NA
NC_045512.2	901	C	G	757.938956574506	0	33	0.0	0	33	0.0	1000	0	TRUE	NA	NA	NA	NA	NA
NC_045512.2	901	C	T	757.938956574506	0	33	242.06104342549395	0	33	0.24206104342549395	1000	0	TRUE	NA	NA	NA	NA	NA
NC_045512.2	902	C	T	330.07849006033683	0	33	669.9215099396631	0	33	0.6699215099396632	1000	0	TRUE	NA	NA	NA	NA	NA
NC_045512.2	902	C	A	330.07849006033683	0	33	0.0	0	33	0.0	1000	0	TRUE	NA	NA	NA	NA	NA
NC_045512.2	902	C	G	330.07849006033683	0	33	0.0	0	33	0.0	1000	0	TRUE	NA	NA	NA	NA	NA
NC_045512.2	903	C	T	1000.0	0	33	0.0	0	33	0.0	1000	0	TRUE	NA	NA	NA	NA	NA
NC_045512.2	904	C	T	757.938956574506	0	33	242.06104342549395	0	33	0.24206104342549395	1000	0	TRUE	NA	NA	NA	NA	NA
NC_045512.2	905	G	A	757.938956574506	0	33	242.06104342549395	0	33	0.24206104342549395	1000	0	TRUE	NA	NA	NA	NA	NA
NC_045512.2	905	G	T	757.938956574506	0	33	0.0	0	33	0.0	1000	0	TRUE	NA	NA	NA	NA	NA
NC_045512.2	905	G	C	757.938956574506	0	33	0.0	0	33	0.0	1000	0	TRUE	NA	NA	NA	NA	NA
NC_045512.2	909	G	T	1000.0	0	33	0.0	0	33	0.0	1000	0	TRUE	NA	NA	NA	NA	NA
NC_045512.2	909	G	C	1000.0	0	33	0.0	0	33	0.0	1000	0	TRUE	NA	NA	NA	NA	NA
NC_045512.2	910	A	G	1000.0	0	33	0.0	0	33	0.0	1000	0	TRUE	NA	NA	NA	NA	NA
NC_045512.2	911	G	T	1000.0	0	33	0.0	0	33	0.0	1000	0	TRUE	NA	NA	NA	NA	NA
NC_045512.2	912	C	T	757.938956574506	0	33	242.06104342549395	0	33	0.24206104342549395	1000	0	TRUE	NA	NA	NA	NA	NA
NC_045512.2	913	G	T	1000.0	0	33	0.0	0	33	0.0	1000	0	TRUE	NA	NA	NA	NA	NA
NC_045512.2	914	C	G	757.938956574506	0	33	0.0	0	33	0.0	1000	0	TRUE	NA	NA	NA	NA	NA
NC_045512.2	914	C	T	757.938956574506	0	33	242.06104342549395	0	33	0.24206104342549395	1000	0	TRUE	NA	NA	NA	NA	NA
NC_045512.2	915	A	T	1000.0	0	33	0.0	0	33	0.0	1000	0	TRUE	NA	NA	NA	NA	NA
NC_045512.2	916	T	G	1000.0	0	33	0.0	0	33	0.0	1000	0	TRUE	NA	NA	NA	NA	NA
NC_045512.2	916	T	C	1000.0	0	33	0.0	0	33	0.0	1000	0	TRUE	NA	NA	NA	NA	NA
NC_045512.2	918	T	C	1000.0	0	33	0.0	0	33	0.0	1000	0	TRUE	NA	NA	NA	NA	NA
NC_045512.2	918	T	G	1000.0	0	33	0.0	0	33	0.0	1000	0	TRUE	NA	NA	NA	NA	NA
NC_045512.2	918	T	A	1000.0	0	33	0.0	0	33	0.0	1000	0	TRUE	NA	NA	NA	NA	NA
NC_045512.2	920	T	C	330.07849006033683	0	33	669.9215099396631	0	33	0.6699215099396632	1000	0	TRUE	NA	NA	NA	NA	NA
NC_045512.2	921	T	G	242.06104342549406	0	33	757.9389565745059	0	33	0.7579389565745059	1000	0	TRUE	NA	NA	NA	NA	NA
NC_045512.2	921	T	C	242.06104342549406	0	33	0.0	0	33	0.0	1000	0	TRUE	NA	NA	NA	NA	NA
NC_045512.2	923	T	G	757.938956574506	0	33	242.06104342549395	0	33	0.24206104342549395	1000	0	TRUE	NA	NA	NA	NA	NA
NC_045512.2	925	T	C	757.938956574506	0	33	0.0	0	33	0.0	1000	0	TRUE	NA	NA	NA	NA	NA
NC_045512.2	925	T	G	757.938956574506	0	33	242.06104342549395	0	33	0.24206104342549395	1000	0	TRUE	NA	NA	NA	NA	NA
NC_045512.2	926	G	T	1000.0	0	33	0.0	0	33	0.0	1000	0	TRUE	NA	NA	NA	NA	NA
NC_045512.2	927	T	C	1000.0	0	33	0.0	0	33	0.0	1000	0	TRUE	NA	NA	NA	NA	NA
NC_045512.2	928	C	T	757.938956574506	0	33	242.06104342549395	0	33	0.24206104342549395	1000	0	TRUE	NA	NA	NA	NA	NA
NC_045512.2	928	C	G	757.938956574506	0	33	0.0	0	33	0.0	1000	0	TRUE	NA	NA	NA	NA	NA
NC_045512.2	929	T	G	330.07849006033683	0	33	0.0	0	33	0.0	1000	0	TRUE	NA	NA	NA	NA	NA
NC_045512.2	929	T	C	330.07849006033683	0	33	669.9215099396631	0	33	0.6699215099396632	1000	0	TRUE	NA	NA	NA	NA	NA
NC_045512.2	931	T	G	1000.0	0	33	0.0	0	33	0.0	1000	0	TRUE	NA	NA	NA	NA	NA
NC_045512.2	931	T	C	1000.0	0	33	0.0	0	33	0.0	1000	0	TRUE	NA	NA	NA	NA	NA
NC_045512.2	932	C	T	88.0174466348429	0	33	911.9825533651571	0	33	0.9119825533651571	1000	0	TRUE	NA	NA	NA	NA	NA
NC_045512.2	937	C	T	1000.0	0	33	0.0	0	33	0.0	1000	0	TRUE	NA	NA	NA	NA	NA
NC_045512.2	939	G	T	1000.0	0	33	0.0	0	33	0.0	1000	0	TRUE	NA	NA	NA	NA	NA
NC_045512.2	940	C	G	330.07849006033683	0	33	0.0	0	33	0.0	1000	0	TRUE	NA	NA	NA	NA	NA
NC_045512.2	940	C	T	330.07849006033683	0	33	669.9215099396631	0	33	0.6699215099396632	1000	0	TRUE	NA	NA	NA	NA	NA
NC_045512.2	941	T	C	1000.0	0	33	0.0	0	33	0.0	1000	0	TRUE	NA	NA	NA	NA	NA
NC_045512.2	941	T	G	1000.0	0	33	0.0	0	33	0.0	1000	0	TRUE	NA	NA	NA	NA	NA
NC_045512.2	943	T	G	1000.0	0	33	0.0	0	33	0.0	1000	0	TRUE	NA	NA	NA	NA	NA
NC_045512.2	944	T	G	1000.0	0	33	0.0	0	33	0.0	1000	0	TRUE	NA	NA	NA	NA	NA
NC_045512.2	945	T	C	757.938956574506	0	33	242.06104342549395	0	33	0.24206104342549395	1000	0	TRUE	NA	NA	NA	NA	NA
NC_045512.2	945	T	G	757.938956574506	0	33	0.0	0	33	0.0	1000	0	TRUE	NA	NA	NA	NA	NA
NC_045512.2	947	G	A	1000.0	0	33	0.0	0	33	0.0	1000	0	TRUE	NA	NA	NA	NA	NA
NC_045512.2	947	G	T	1000.0	0	33	0.0	0	33	0.0	1000	0	TRUE	NA	NA	NA	NA	NA
NC_045512.2	948	T	C	330.07849006033683	0	33	669.9215099396631	0	33	0.6699215099396632	1000	0	TRUE	NA	NA	NA	NA	NA
NC_045512.2	949	C	T	88.0174466348429	0	33	911.9825533651571	0	33	0.9119825533651571	1000	0	TRUE	NA	NA	NA	NA	NA
NC_045512.2	950	T	G	757.938956574506	0	33	242.06104342549395	0	33	0.24206104342549395	1000	0	TRUE	NA	NA	NA	NA	NA
NC_045512.2	950	T	C	757.938956574506	0	33	0.0	0	33	0.0	1000	0	TRUE	NA	NA	NA	NA	NA
NC_045512.2	951	C	T	1000.0	0	33	0.0	0	33	0.0	1000	0	TRUE	NA	NA	NA	NA	NA
NC_045512.2	952	T	G	1000.0	0	33	0.0	0	33	0.0	1000	0	TRUE	NA	NA	NA	NA	NA
NC_045512.2	953	C	T	500.1776453410489	0	33	499.8223546589511	0	33	0.4998223546589511	1000	0	TRUE	NA	NA	NA	NA	NA
NC_045512.2	953	C	G	500.1776453410489	0	33	0.0	0	33	0.0	1000	0	TRUE	NA	NA	NA	NA	NA
NC_045512.2	954	A	G	1000.0	0	33	0.0	0	33	0.0	1000	0	TRUE	NA	NA	NA	NA	NA
NC_045512.2	955	T	C	1000.0	0	33	0.0	0	33	0.0	1000	0	TRUE	NA	NA	NA	NA	NA
NC_045512.2	955	T	G	1000.0	0	33	0.0	0	33	0.0	1000	0	TRUE	NA	NA	NA	NA	NA
NC_045512.2	956	G	C	1000.0	0	33	0.0	0	33	0.0	1000	0	TRUE	NA	NA	NA	NA	NA
NC_045512.2	957	T	C	1000.0	0	33	0.0	0	33	0.0	1000	0	TRUE	NA	NA	NA	NA	NA
NC_045512.2	960	T	G	242.06104342549406	0	33	757.9389565745059	0	33	0.7579389565745059	1000	0	TRUE	NA	NA	NA	NA	NA
NC_045512.2	961	C	G	1000.0	0	33	0.0	0	33	0.0	1000	0	TRUE	NA	NA	NA	NA	NA
NC_045512.2	962	T	C	911.9825533651572	0	33	88.01744663484281	0	33	0.08801744663484282	1000	0	TRUE	NA	NA	NA	NA	NA
NC_045512.2	962	T	G	911.9825533651572	0	33	0.0	0	33	0.0	1000	0	TRUE	NA	NA	NA	NA	NA
NC_045512.2	963	G	A	1000.0	0	33	0.0	0	33	0.0	1000	0	TRUE	NA	NA	NA	NA	NA
NC_045512.2	964	T	G	757.938956574506	0	33	0.0	0	33	0.0	1000	0	TRUE	NA	NA	NA	NA	NA
NC_045512.2	964	T	C	757.938956574506	0	33	242.06104342549395	0	33	0.24206104342549395	1000	0	TRUE	NA	NA	NA	NA	NA
NC_045512.2	965	G	T	757.938956574506	0	33	242.06104342549395	0	33	0.24206104342549395	1000	0	TRUE	NA	NA	NA	NA	NA
NC_045512.2	965	G	C	757.938956574506	0	33	0.0	0	33	0.0	1000	0	TRUE	NA	NA	NA	NA	NA
NC_045512.2	966	G	T	88.0174466348429	0	33	669.9215099396631	0	33	0.6699215099396632	1000	0	TRUE	NA	NA	NA	NA	NA
NC_045512.2	966	G	C	88.0174466348429	0	33	242.06104342549395	0	33	0.24206104342549395	1000	0	TRUE	NA	NA	NA	NA	NA
NC_045512.2	967	C	T	88.0174466348429	0	33	911.9825533651571	0	33	0.9119825533651571	1000	0	TRUE	NA	NA	NA	NA	NA
NC_045512.2	968	T	C	757.938956574506	0	33	242.06104342549395	0	33	0.24206104342549395	1000	0	TRUE	NA	NA	NA	NA	NA
NC_045512.2	970	T	C	757.938956574506	0	33	242.06104342549395	0	33	0.24206104342549395	1000	0	TRUE	NA	NA	NA	NA	NA
NC_045512.2	970	T	G	757.938956574506	0	33	0.0	0	33	0.0	1000	0	TRUE	NA	NA	NA	NA	NA
NC_045512.2	973	G	C	1000.0	0	33	0.0	0	33	0.0	1000	0	TRUE	NA	NA	NA	NA	NA
NC_045512.2	976	G	T	330.07849006033683	0	33	669.9215099396631	0	33	0.6699215099396632	1000	0	TRUE	NA	NA	NA	NA	NA
NC_045512.2	976	G	A	330.07849006033683	0	33	0.0	0	33	0.0	1000	0	TRUE	NA	NA	NA	NA	NA
NC_045512.2	977	T	G	1000.0	0	33	0.0	0	33	0.0	1000	0	TRUE	NA	NA	NA	NA	NA
NC_045512.2	979	C	T	757.938956574506	0	33	242.06104342549395	0	33	0.24206104342549395	1000	0	TRUE	NA	NA	NA	NA	NA
NC_045512.2	980	T	G	330.07849006033683	0	33	669.9215099396631	0	33	0.6699215099396632	1000	0	TRUE	NA	NA	NA	NA	NA
NC_045512.2	981	C	T	1000.0	0	33	0.0	0	33	0.0	1000	0	TRUE	NA	NA	NA	NA	NA
NC_045512.2	982	G	T	1000.0	0	33	0.0	0	33	0.0	1000	0	TRUE	NA	NA	NA	NA	NA
NC_045512.2	983	G	C	1000.0	0	33	0.0	0	33	0.0	1000	0	TRUE	NA	NA	NA	NA	NA
NC_045512.2	984	C	T	757.938956574506	0	33	242.06104342549395	0	33	0.24206104342549395	1000	0	TRUE	NA	NA	NA	NA	NA
NC_045512.2	985	G	A	1000.0	0	33	0.0	0	33	0.0	1000	0	TRUE	NA	NA	NA	NA	NA
NC_045512.2	985	G	T	1000.0	0	33	0.0	0	33	0.0	1000	0	TRUE	NA	NA	NA	NA	NA
NC_045512.2	986	C	G	757.938956574506	0	33	242.06104342549395	0	33	0.24206104342549395	1000	0	TRUE	NA	NA	NA	NA	NA
NC_045512.2	986	C	T	757.938956574506	0	33	0.0	0	33	0.0	1000	0	TRUE	NA	NA	NA	NA	NA
NC_045512.2	987	G	T	330.07849006033683	0	33	669.9215099396631	0	33	0.6699215099396632	1000	0	TRUE	NA	NA	NA	NA	NA
NC_045512.2	988	T	C	1000.0	0	33	0.0	0	33	0.0	1000	0	TRUE	NA	NA	NA	NA	NA
NC_045512.2	990	C	T	741.8833980844452	0	33	258.11660191555484	0	33	0.25811660191555486	1000	0	TRUE	NA	NA	NA	NA	NA
NC_045512.2	990	C	G	741.8833980844452	0	33	0.0	0	33	0.0	1000	0	TRUE	NA	NA	NA	NA	NA
NC_045512.2	992	T	G	1000.0	0	33	0.0	0	33	0.0	1000	0	TRUE	NA	NA	NA	NA	NA
NC_045512.2	993	A	G	330.07849006033683	0	33	669.9215099396631	0	33	0.6699215099396632	1000	0	TRUE	NA	NA	NA	NA	NA
NC_045512.2	997	C	T	1000.0	0	33	0.0	0	33	0.0	1000	0	TRUE	NA	NA	NA	NA	NA
NC_045512.2	999	C	T	588.1950919758917	0	33	411.8049080241083	0	33	0.4118049080241083	1000	0	TRUE	NA	NA	NA	NA	NA
NC_045512.2	1000	C	T	1.1102230246251565e-13	0	33	999.9999999999999	0	33	0.9999999999999999	1000	0	TRUE	NA	NA	NA	NA	NA
NC_045512.2	1000	C	A	1.1102230246251565e-13	0	33	0.0	0	33	0.0	1000	0	TRUE	NA	NA	NA	NA	NA
