NC_045512.2	1	A	1000.0
NC_045512.2	2	A	1000.0
NC_045512.2	3	A	1000.0
NC_045512.2	4	A	1000.0
NC_045512.2	5	G	1000.0
NC_045512.2	6	C	1000.0
NC_045512.2	7	G	1000.0
NC_045512.2	8	C	1000.0
NC_045512.2	9	C	1000.0
NC_045512.2	10	A	1000.0
NC_045512.2	11	T	1000.0
NC_045512.2	12	T	1000.0
NC_045512.2	13	A	1000.0
NC_045512.2	14	C	1000.0
NC_045512.2	15	A	1000.0
NC_045512.2	16	T	1000.0
NC_045512.2	17	A	1000.0
NC_045512.2	18	T	1000.0
NC_045512.2	19	T	1000.0
NC_045512.2	20	G	1000.0
NC_045512.2	21	A	1000.0
NC_045512.2	22	G	1000.0
NC_045512.2	23	A	1000.0
NC_045512.2	24	C	1000.0
NC_045512.2	25	T	1000.0
NC_045512.2	26	G	1000.0
NC_045512.2	27	A	1000.0
NC_045512.2	28	A	1000.0
NC_045512.2	29	C	1000.0
NC_045512.2	30	G	1000.0
NC_045512.2	31	T	1000.0
NC_045512.2	32	G	1000.0
NC_045512.2	33	A	1000.0
NC_045512.2	34	A	1000.0
NC_045512.2	35	A	1000.0
NC_045512.2	36	G	1000.0
NC_045512.2	37	C	1000.0
NC_045512.2	38	A	1000.0
NC_045512.2	39	A	1000.0
NC_045512.2	40	T	1000.0
NC_045512.2	41	G	1000.0
NC_045512.2	42	T	1000.0
NC_045512.2	43	T	1000.0
NC_045512.2	44	T	1000.0
NC_045512.2	45	A	1000.0
NC_045512.2	46	G	1000.0
NC_045512.2	47	T	1000.0
NC_045512.2	48	A	1000.0
NC_045512.2	49	G	1000.0
NC_045512.2	50	G	1000.0
NC_045512.2	51	T	1000.0
NC_045512.2	52	A	1000.0
NC_045512.2	53	C	1000.0
NC_045512.2	54	G	1000.0
NC_045512.2	55	A	1000.0
NC_045512.2	56	C	1000.0
NC_045512.2	57	C	1000.0
NC_045512.2	58	T	1000.0
NC_045512.2	59	G	1000.0
NC_045512.2	60	T	1000.0
NC_045512.2	61	A	1000.0
NC_045512.2	62	T	1000.0
NC_045512.2	63	T	1000.0
NC_045512.2	64	C	1000.0
NC_045512.2	65	A	1000.0
NC_045512.2	66	A	1000.0
NC_045512.2	67	T	1000.0
NC_045512.2	68	T	1000.0
NC_045512.2	69	A	1000.0
NC_045512.2	70	G	1000.0
NC_045512.2	71	T	1000.0
NC_045512.2	72	A	1000.0
NC_045512.2	73	G	1000.0
NC_045512.2	74	A	1000.0
NC_045512.2	75	A	1000.0
NC_045512.2	76	C	1000.0
NC_045512.2	77	A	1000.0
NC_045512.2	78	C	1000.0
NC_045512.2	79	A	1000.0
NC_045512.2	80	C	1000.0
NC_045512.2	81	A	1000.0
NC_045512.2	82	G	1000.0
NC_045512.2	83	T	1000.0
NC_045512.2	84	A	1000.0
NC_045512.2	85	C	1000.0
NC_045512.2	86	G	1000.0
NC_045512.2	87	C	1000.0
NC_045512.2	88	A	1000.0
NC_045512.2	89	C	1000.0
NC_045512.2	90	C	1000.0
NC_045512.2	91	C	1000.0
NC_045512.2	92	C	1000.0
NC_045512.2	93	T	1000.0
NC_045512.2	94	G	1000.0
NC_045512.2	95	T	1000.0
NC_045512.2	96	A	1000.0
NC_045512.2	97	A	1000.0
NC_045512.2	98	T	1000.0
NC_045512.2	99	T	1000.0
NC_045512.2	100	G	1000.0
NC_045512.2	101	A	1000.0
NC_045512.2	102	T	1000.0
NC_045512.2	103	A	1000.0
NC_045512.2	104	T	1000.0
NC_045512.2	105	A	1000.0
NC_045512.2	106	C	1000.0
NC_045512.2	107	G	1000.0
NC_045512.2	108	G	1000.0
NC_045512.2	109	T	1000.0
NC_045512.2	110	C	1000.0
NC_045512.2	111	C	1000.0
NC_045512.2	112	A	1000.0
NC_045512.2	113	A	1000.0
NC_045512.2	114	C	1000.0
NC_045512.2	115	G	1000.0
NC_045512.2	116	A	1000.0
NC_045512.2	117	T	1000.0
NC_045512.2	118	A	1000.0
NC_045512.2	119	C	1000.0
NC_045512.2	120	A	1000.0
NC_045512.2	121	A	1000.0
NC_045512.2	122	C	1000.0
NC_045512.2	123	G	1000.0
NC_045512.2	124	T	1000.0
NC_045512.2	125	T	1000.0
NC_045512.2	126	C	1000.0
NC_045512.2	127	G	1000.0
NC_045512.2	128	T	1000.0
NC_045512.2	129	C	1000.0
NC_045512.2	130	C	1000.0
NC_045512.2	131	C	1000.0
NC_045512.2	132	G	1000.0
NC_045512.2	133	A	1000.0
NC_045512.2	134	G	1000.0
NC_045512.2	135	G	1000.0
NC_045512.2	136	G	1000.0
NC_045512.2	137	A	1000.0
NC_045512.2	138	T	1000.0
NC_045512.2	139	T	1000.0
NC_045512.2	140	C	1000.0
NC_045512.2	141	A	1000.0
NC_045512.2	142	T	1000.0
NC_045512.2	143	C	1000.0
NC_045512.2	144	T	1000.0
NC_045512.2	145	C	1000.0
NC_045512.2	146	G	1000.0
NC_045512.2	147	T	1000.0
NC_045512.2	148	T	1000.0
NC_045512.2	149	T	1000.0
NC_045512.2	150	A	1000.0
NC_045512.2	151	A	1000.0
NC_045512.2	152	G	1000.0
NC_045512.2	153	T	1000.0
NC_045512.2	154	G	1000.0
NC_045512.2	155	T	1000.0
NC_045512.2	156	A	1000.0
NC_045512.2	157	C	1000.0
NC_045512.2	158	G	1000.0
NC_045512.2	159	T	1000.0
NC_045512.2	160	A	1000.0
NC_045512.2	161	A	1000.0
NC_045512.2	162	A	1000.0
NC_045512.2	163	G	1000.0
NC_045512.2	164	T	1000.0
NC_045512.2	165	A	1000.0
NC_045512.2	166	A	1000.0
NC_045512.2	167	G	1000.0
NC_045512.2	168	T	1000.0
NC_045512.2	169	A	1000.0
NC_045512.2	170	G	1000.0
NC_045512.2	171	A	1000.0
NC_045512.2	172	C	1000.0
NC_045512.2	173	G	1000.0
NC_045512.2	174	A	1000.0
NC_045512.2	175	G	1000.0
NC_045512.2	176	G	1000.0
NC_045512.2	177	C	1000.0
NC_045512.2	178	G	1000.0
NC_045512.2	179	C	1000.0
NC_045512.2	180	A	1000.0
NC_045512.2	181	G	1000.0
NC_045512.2	182	T	1000.0
NC_045512.2	183	A	1000.0
NC_045512.2	184	G	1000.0
NC_045512.2	185	C	1000.0
NC_045512.2	186	T	1000.0
NC_045512.2	187	G	1000.0
NC_045512.2	188	T	1000.0
NC_045512.2	189	T	1000.0
NC_045512.2	190	T	1000.0
NC_045512.2	191	T	1000.0
NC_045512.2	192	T	1000.0
NC_045512.2	193	C	1000.0
NC_045512.2	194	T	1000.0
NC_045512.2	195	T	1000.0
NC_045512.2	196	C	1000.0
NC_045512.2	197	T	1000.0
NC_045512.2	198	A	1000.0
NC_045512.2	199	A	1000.0
NC_045512.2	200	G	1000.0
NC_045512.2	201	G	1000.0
NC_045512.2	202	C	1000.0
NC_045512.2	203	A	1000.0
NC_045512.2	204	C	1000.0
NC_045512.2	205	G	1000.0
NC_045512.2	206	T	1000.0
NC_045512.2	207	G	1000.0
NC_045512.2	208	A	1000.0
NC_045512.2	209	C	1000.0
NC_045512.2	210	C	1000.0
NC_045512.2	211	A	1000.0
NC_045512.2	212	G	1000.0
NC_045512.2	213	C	1000.0
NC_045512.2	214	C	1000.0
NC_045512.2	215	A	1000.0
NC_045512.2	216	G	1000.0
NC_045512.2	217	T	1000.0
NC_045512.2	218	T	1000.0
NC_045512.2	219	A	1000.0
NC_045512.2	220	G	1000.0
NC_045512.2	221	T	1000.0
NC_045512.2	222	A	1000.0
NC_045512.2	223	G	1000.0
NC_045512.2	224	G	1000.0
NC_045512.2	225	G	1000.0
NC_045512.2	226	A	1000.0
NC_045512.2	227	C	1000.0
NC_045512.2	228	G	1000.0
NC_045512.2	229	G	1000.0
NC_045512.2	230	A	1000.0
NC_045512.2	231	C	1000.0
NC_045512.2	232	C	1000.0
NC_045512.2	233	T	1000.0
NC_045512.2	234	G	1000.0
NC_045512.2	235	A	1000.0
NC_045512.2	236	G	1000.0
NC_045512.2	237	A	1000.0
NC_045512.2	238	A	1000.0
NC_045512.2	239	T	1000.0
NC_045512.2	240	C	1000.0
NC_045512.2	241	A	1000.0
NC_045512.2	242	G	1000.0
NC_045512.2	243	G	1000.0
NC_045512.2	244	C	1000.0
NC_045512.2	245	G	1000.0
NC_045512.2	246	G	1000.0
NC_045512.2	247	T	1000.0
NC_045512.2	248	T	1000.0
NC_045512.2	249	G	1000.0
NC_045512.2	250	A	1000.0
NC_045512.2	251	A	1000.0
NC_045512.2	252	G	1000.0
NC_045512.2	253	G	1000.0
NC_045512.2	254	C	1000.0
NC_045512.2	255	A	1000.0
NC_045512.2	256	T	1000.0
NC_045512.2	257	C	1000.0
NC_045512.2	258	T	1000.0
NC_045512.2	259	G	1000.0
NC_045512.2	260	C	1000.0
NC_045512.2	261	A	1000.0
NC_045512.2	262	T	1000.0
NC_045512.2	263	T	1000.0
NC_045512.2	264	C	1000.0
NC_045512.2	265	C	1000.0
NC_045512.2	266	C	1000.0
NC_045512.2	267	A	1000.0
NC_045512.2	268	G	1000.0
NC_045512.2	269	A	1000.0
NC_045512.2	270	G	1000.0
NC_045512.2	271	A	1000.0
NC_045512.2	272	G	1000.0
NC_045512.2	273	T	1000.0
NC_045512.2	274	A	1000.0
NC_045512.2	275	A	1000.0
NC_045512.2	276	C	1000.0
NC_045512.2	277	G	1000.0
NC_045512.2	278	T	1000.0
NC_045512.2	279	G	1000.0
NC_045512.2	280	A	1000.0
NC_045512.2	281	A	1000.0
NC_045512.2	282	C	1000.0
NC_045512.2	283	G	1000.0
NC_045512.2	284	A	1000.0
NC_045512.2	285	T	1000.0
NC_045512.2	286	T	1000.0
NC_045512.2	287	A	1000.0
NC_045512.2	288	T	1000.0
NC_045512.2	289	T	1000.0
NC_045512.2	290	T	1000.0
NC_045512.2	291	G	1000.0
NC_045512.2	292	C	1000.0
NC_045512.2	293	G	1000.0
NC_045512.2	294	C	1000.0
NC_045512.2	295	C	1000.0
NC_045512.2	296	T	1000.0
NC_045512.2	297	G	1000.0
NC_045512.2	298	T	1000.0
NC_045512.2	299	C	1000.0
NC_045512.2	300	G	1000.0
NC_045512.2	301	T	1000.0
NC_045512.2	302	A	1000.0
NC_045512.2	303	T	1000.0
NC_045512.2	304	A	1000.0
NC_045512.2	305	G	1000.0
NC_045512.2	306	A	1000.0
NC_045512.2	307	A	1000.0
NC_045512.2	308	A	1000.0
NC_045512.2	309	A	1000.0
NC_045512.2	310	A	1000.0
NC_045512.2	311	G	1000.0
NC_045512.2	312	C	1000.0
NC_045512.2	313	G	1000.0
NC_045512.2	314	T	1000.0
NC_045512.2	315	A	1000.0
NC_045512.2	316	G	1000.0
NC_045512.2	317	T	1000.0
NC_045512.2	318	T	1000.0
NC_045512.2	319	C	1000.0
NC_045512.2	320	C	1000.0
NC_045512.2	321	A	1000.0
NC_045512.2	322	G	1000.0
NC_045512.2	323	T	1000.0
NC_045512.2	324	A	1000.0
NC_045512.2	325	C	1000.0
NC_045512.2	326	G	1000.0
NC_045512.2	327	T	1000.0
NC_045512.2	328	G	1000.0
NC_045512.2	329	A	1000.0
NC_045512.2	330	T	1000.0
NC_045512.2	331	A	1000.0
NC_045512.2	332	T	1000.0
NC_045512.2	333	G	1000.0
NC_045512.2	334	T	1000.0
NC_045512.2	335	A	1000.0
NC_045512.2	336	T	1000.0
NC_045512.2	337	G	1000.0
NC_045512.2	338	C	1000.0
NC_045512.2	339	A	1000.0
NC_045512.2	340	A	1000.0
NC_045512.2	341	T	1000.0
NC_045512.2	342	T	1000.0
NC_045512.2	343	A	1000.0
NC_045512.2	344	G	1000.0
NC_045512.2	345	G	1000.0
NC_045512.2	346	C	1000.0
NC_045512.2	347	C	1000.0
NC_045512.2	348	G	1000.0
NC_045512.2	349	G	1000.0
NC_045512.2	350	A	1000.0
NC_045512.2	351	G	1000.0
NC_045512.2	352	G	1000.0
NC_045512.2	353	G	1000.0
NC_045512.2	354	T	1000.0
NC_045512.2	355	G	1000.0
NC_045512.2	356	A	1000.0
NC_045512.2	357	T	1000.0
NC_045512.2	358	A	1000.0
NC_045512.2	359	C	1000.0
NC_045512.2	360	C	1000.0
NC_045512.2	361	G	1000.0
NC_045512.2	362	A	1000.0
NC_045512.2	363	T	1000.0
NC_045512.2	364	C	1000.0
NC_045512.2	365	A	1000.0
NC_045512.2	366	T	1000.0
NC_045512.2	367	A	1000.0
NC_045512.2	368	C	1000.0
NC_045512.2	369	G	1000.0
NC_045512.2	370	T	1000.0
NC_045512.2	371	G	1000.0
NC_045512.2	372	T	1000.0
NC_045512.2	373	A	1000.0
NC_045512.2	374	T	1000.0
NC_045512.2	375	T	1000.0
NC_045512.2	376	A	1000.0
NC_045512.2	377	T	1000.0
NC_045512.2	378	T	1000.0
NC_045512.2	379	T	1000.0
NC_045512.2	380	C	1000.0
NC_045512.2	381	A	1000.0
NC_045512.2	382	C	1000.0
NC_045512.2	383	C	1000.0
NC_045512.2	384	C	1000.0
NC_045512.2	385	A	1000.0
NC_045512.2	386	G	1000.0
NC_045512.2	387	T	1000.0
NC_045512.2	388	A	1000.0
NC_045512.2	389	G	1000.0
NC_045512.2	390	A	1000.0
NC_045512.2	391	C	1000.0
NC_045512.2	392	G	1000.0
NC_045512.2	393	G	1000.0
NC_045512.2	394	A	1000.0
NC_045512.2	395	A	1000.0
NC_045512.2	396	C	1000.0
NC_045512.2	397	G	1000.0
NC_045512.2	398	A	1000.0
NC_045512.2	399	G	1000.0
NC_045512.2	400	T	1000.0
NC_045512.2	401	A	1000.0
NC_045512.2	402	T	1000.0
NC_045512.2	403	T	1000.0
NC_045512.2	404	G	1000.0
NC_045512.2	405	G	1000.0
NC_045512.2	406	G	1000.0
NC_045512.2	407	T	1000.0
NC_045512.2	408	C	1000.0
NC_045512.2	409	A	1000.0
NC_045512.2	410	T	1000.0
NC_045512.2	411	C	1000.0
NC_045512.2	412	T	1000.0
NC_045512.2	413	A	1000.0
NC_045512.2	414	A	1000.0
NC_045512.2	415	G	1000.0
NC_045512.2	416	T	1000.0
NC_045512.2	417	T	1000.0
NC_045512.2	418	T	1000.0
NC_045512.2	419	T	1000.0
NC_045512.2	420	G	1000.0
NC_045512.2	421	G	1000.0
NC_045512.2	422	C	1000.0
NC_045512.2	423	G	1000.0
NC_045512.2	424	A	1000.0
NC_045512.2	425	A	1000.0
NC_045512.2	426	G	1000.0
NC_045512.2	427	G	1000.0
NC_045512.2	428	C	1000.0
NC_045512.2	429	G	1000.0
NC_045512.2	430	C	1000.0
NC_045512.2	431	T	1000.0
NC_045512.2	432	T	1000.0
NC_045512.2	433	T	1000.0
NC_045512.2	434	G	1000.0
NC_045512.2	435	T	1000.0
NC_045512.2	436	C	1000.0
NC_045512.2	437	C	1000.0
NC_045512.2	438	G	1000.0
NC_045512.2	439	G	1000.0
NC_045512.2	440	T	1000.0
NC_045512.2	441	A	1000.0
NC_045512.2	442	C	1000.0
NC_045512.2	443	C	1000.0
NC_045512.2	444	C	1000.0
NC_045512.2	445	G	1000.0
NC_045512.2	446	T	1000.0
NC_045512.2	447	T	1000.0
NC_045512.2	448	T	1000.0
NC_045512.2	449	A	1000.0
NC_045512.2	450	C	1000.0
NC_045512.2	451	A	1000.0
NC_045512.2	452	A	1000.0
NC_045512.2	453	G	1000.0
NC_045512.2	454	G	1000.0
NC_045512.2	455	T	1000.0
NC_045512.2	456	A	1000.0
NC_045512.2	457	T	1000.0
NC_045512.2	458	C	1000.0
NC_045512.2	459	A	1000.0
NC_045512.2	460	C	1000.0
NC_045512.2	461	T	1000.0
NC_045512.2	462	G	1000.0
NC_045512.2	463	G	1000.0
NC_045512.2	464	A	1000.0
NC_045512.2	465	G	1000.0
NC_045512.2	466	T	1000.0
NC_045512.2	467	G	1000.0
NC_045512.2	468	C	1000.0
NC_045512.2	469	G	1000.0
NC_045512.2	470	T	1000.0
NC_045512.2	471	A	1000.0
NC_045512.2	472	T	1000.0
NC_045512.2	473	G	1000.0
NC_045512.2	474	A	1000.0
NC_045512.2	475	A	1000.0
NC_045512.2	476	T	1000.0
NC_045512.2	477	C	1000.0
NC_045512.2	478	T	1000.0
NC_045512.2	479	T	1000.0
NC_045512.2	480	G	1000.0
NC_045512.2	481	C	1000.0
NC_045512.2	482	G	1000.0
NC_045512.2	483	C	1000.0
NC_045512.2	484	C	1000.0
NC_045512.2	485	G	1000.0
NC_045512.2	486	T	1000.0
NC_045512.2	487	G	1000.0
NC_045512.2	488	A	1000.0
NC_045512.2	489	C	1000.0
NC_045512.2	490	A	1000.0
NC_045512.2	491	G	1000.0
NC_045512.2	492	T	1000.0
NC_045512.2	493	A	1000.0
NC_045512.2	494	C	1000.0
NC_045512.2	495	G	1000.0
NC_045512.2	496	G	1000.0
NC_045512.2	497	T	1000.0
NC_045512.2	498	A	1000.0
NC_045512.2	499	A	1000.0
NC_045512.2	500	T	1000.0
NC_045512.2	501	T	1000.0
NC_045512.2	502	T	1000.0
NC_045512.2	503	C	1000.0
NC_045512.2	504	G	1000.0
NC_045512.2	505	T	1000.0
NC_045512.2	506	C	1000.0
NC_045512.2	507	G	1000.0
NC_045512.2	508	A	1000.0
NC_045512.2	509	C	1000.0
NC_045512.2	510	A	1000.0
NC_045512.2	511	C	1000.0
NC_045512.2	512	G	1000.0
NC_045512.2	513	C	1000.0
NC_045512.2	514	T	1000.0
NC_045512.2	515	G	1000.0
NC_045512.2	516	C	1000.0
NC_045512.2	517	G	1000.0
NC_045512.2	518	G	1000.0
NC_045512.2	519	C	1000.0
NC_045512.2	520	T	1000.0
NC_045512.2	521	C	1000.0
NC_045512.2	522	T	1000.0
NC_045512.2	523	G	1000.0
NC_045512.2	524	A	1000.0
NC_045512.2	525	C	1000.0
NC_045512.2	526	T	1000.0
NC_045512.2	527	A	1000.0
NC_045512.2	528	T	1000.0
NC_045512.2	529	G	1000.0
NC_045512.2	530	G	1000.0
NC_045512.2	531	C	1000.0
NC_045512.2	532	C	1000.0
NC_045512.2	533	G	1000.0
NC_045512.2	534	G	1000.0
NC_045512.2	535	G	1000.0
NC_045512.2	536	A	1000.0
NC_045512.2	537	G	1000.0
NC_045512.2	538	A	1000.0
NC_045512.2	539	A	1000.0
NC_045512.2	540	A	1000.0
NC_045512.2	541	C	1000.0
NC_045512.2	542	A	1000.0
NC_045512.2	543	A	1000.0
NC_045512.2	544	T	1000.0
NC_045512.2	545	C	1000.0
NC_045512.2	546	T	1000.0
NC_045512.2	547	G	1000.0
NC_045512.2	548	G	1000.0
NC_045512.2	549	G	1000.0
NC_045512.2	550	G	1000.0
NC_045512.2	551	A	1000.0
NC_045512.2	552	A	1000.0
NC_045512.2	553	G	1000.0
NC_045512.2	554	A	1000.0
NC_045512.2	555	C	1000.0
NC_045512.2	556	C	1000.0
NC_045512.2	557	C	1000.0
NC_045512.2	558	T	1000.0
NC_045512.2	559	T	1000.0
NC_045512.2	560	T	1000.0
NC_045512.2	561	C	1000.0
NC_045512.2	562	T	1000.0
NC_045512.2	563	C	1000.0
NC_045512.2	564	T	1000.0
NC_045512.2	565	G	1000.0
NC_045512.2	566	A	1000.0
NC_045512.2	567	C	1000.0
NC_045512.2	568	G	1000.0
NC_045512.2	569	C	1000.0
NC_045512.2	570	C	1000.0
NC_045512.2	571	C	1000.0
NC_045512.2	572	A	1000.0
NC_045512.2	573	A	1000.0
NC_045512.2	574	A	1000.0
NC_045512.2	575	A	1000.0
NC_045512.2	576	G	1000.0
NC_045512.2	577	A	1000.0
NC_045512.2	578	T	1000.0
NC_045512.2	579	G	1000.0
NC_045512.2	580	C	1000.0
NC_045512.2	581	T	1000.0
NC_045512.2	582	C	1000.0
NC_045512.2	583	T	1000.0
NC_045512.2	584	G	1000.0
NC_045512.2	585	G	1000.0
NC_045512.2	586	A	1000.0
NC_045512.2	587	A	1000.0
NC_045512.2	588	G	1000.0
NC_045512.2	589	T	1000.0
NC_045512.2	590	G	1000.0
NC_045512.2	591	A	1000.0
NC_045512.2	592	C	1000.0
NC_045512.2	593	C	1000.0
NC_045512.2	594	G	1000.0
NC_045512.2	595	A	1000.0
NC_045512.2	596	C	1000.0
NC_045512.2	597	C	1000.0
NC_045512.2	598	G	1000.0
NC_045512.2	599	G	1000.0
NC_045512.2	600	A	1000.0
NC_045512.2	601	T	1000.0
NC_045512.2	602	G	1000.0
NC_045512.2	603	G	1000.0
NC_045512.2	604	G	1000.0
NC_045512.2	605	C	1000.0
NC_045512.2	606	A	1000.0
NC_045512.2	607	T	1000.0
NC_045512.2	608	G	1000.0
NC_045512.2	609	G	1000.0
NC_045512.2	610	T	1000.0
NC_045512.2	611	A	1000.0
NC_045512.2	612	A	1000.0
NC_045512.2	613	G	1000.0
NC_045512.2	614	T	1000.0
NC_045512.2	615	T	1000.0
NC_045512.2	616	G	1000.0
NC_045512.2	617	T	1000.0
NC_045512.2	618	T	1000.0
NC_045512.2	619	G	1000.0
NC_045512.2	620	T	1000.0
NC_045512.2	621	C	1000.0
NC_045512.2	622	C	1000.0
NC_045512.2	623	G	1000.0
NC_045512.2	624	C	1000.0
NC_045512.2	625	A	1000.0
NC_045512.2	626	G	1000.0
NC_045512.2	627	A	1000.0
NC_045512.2	628	T	1000.0
NC_045512.2	629	T	1000.0
NC_045512.2	630	C	1000.0
NC_045512.2	631	G	1000.0
NC_045512.2	632	T	1000.0
NC_045512.2	633	T	1000.0
NC_045512.2	634	T	1000.0
NC_045512.2	635	C	1000.0
NC_045512.2	636	A	1000.0
NC_045512.2	637	T	1000.0
NC_045512.2	638	C	1000.0
NC_045512.2	639	T	1000.0
NC_045512.2	640	T	1000.0
NC_045512.2	641	C	1000.0
NC_045512.2	642	A	1000.0
NC_045512.2	643	C	1000.0
NC_045512.2	644	C	1000.0
NC_045512.2	645	T	1000.0
NC_045512.2	646	C	1000.0
NC_045512.2	647	T	1000.0
NC_045512.2	648	C	1000.0
NC_045512.2	649	G	1000.0
NC_045512.2	650	T	1000.0
NC_045512.2	651	G	1000.0
NC_045512.2	652	A	1000.0
NC_045512.2	653	G	1000.0
NC_045512.2	654	C	1000.0
NC_045512.2	655	A	1000.0
NC_045512.2	656	C	1000.0
NC_045512.2	657	G	1000.0
NC_045512.2	658	C	1000.0
NC_045512.2	659	C	1000.0
NC_045512.2	660	C	1000.0
NC_045512.2	661	T	1000.0
NC_045512.2	662	G	1000.0
NC_045512.2	663	G	1000.0
NC_045512.2	664	T	1000.0
NC_045512.2	665	T	1000.0
NC_045512.2	666	A	1000.0
NC_045512.2	667	G	1000.0
NC_045512.2	668	C	1000.0
NC_045512.2	669	A	1000.0
NC_045512.2	670	C	1000.0
NC_045512.2	671	T	1000.0
NC_045512.2	672	C	1000.0
NC_045512.2	673	C	1000.0
NC_045512.2	674	T	1000.0
NC_045512.2	675	G	1000.0
NC_045512.2	676	G	1000.0
NC_045512.2	677	T	1000.0
NC_045512.2	678	A	1000.0
NC_045512.2	679	G	1000.0
NC_045512.2	680	G	1000.0
NC_045512.2	681	G	1000.0
NC_045512.2	682	G	1000.0
NC_045512.2	683	C	1000.0
NC_045512.2	684	C	1000.0
NC_045512.2	685	A	1000.0
NC_045512.2	686	C	1000.0
NC_045512.2	687	C	1000.0
NC_045512.2	688	C	1000.0
NC_045512.2	689	G	1000.0
NC_045512.2	690	T	1000.0
NC_045512.2	691	T	1000.0
NC_045512.2	692	C	1000.0
NC_045512.2	693	A	1000.0
NC_045512.2	694	T	1000.0
NC_045512.2	695	A	1000.0
NC_045512.2	696	T	1000.0
NC_045512.2	697	G	1000.0
NC_045512.2	698	C	1000.0
NC_045512.2	699	G	1000.0
NC_045512.2	700	T	1000.0
NC_045512.2	701	T	1000.0
NC_045512.2	702	T	1000.0
NC_045512.2	703	G	1000.0
NC_045512.2	704	T	1000.0
NC_045512.2	705	C	1000.0
NC_045512.2	706	G	1000.0
NC_045512.2	707	G	1000.0
NC_045512.2	708	G	1000.0
NC_045512.2	709	T	1000.0
NC_045512.2	710	G	1000.0
NC_045512.2	711	G	1000.0
NC_045512.2	712	A	1000.0
NC_045512.2	713	T	1000.0
NC_045512.2	714	A	1000.0
NC_045512.2	715	G	1000.0
NC_045512.2	716	A	1000.0
NC_045512.2	717	C	1000.0
NC_045512.2	718	T	1000.0
NC_045512.2	719	C	1000.0
NC_045512.2	720	T	1000.0
NC_045512.2	721	A	1000.0
NC_045512.2	722	C	1000.0
NC_045512.2	723	T	1000.0
NC_045512.2	724	C	1000.0
NC_045512.2	725	A	1000.0
NC_045512.2	726	C	1000.0
NC_045512.2	727	T	1000.0
NC_045512.2	728	T	1000.0
NC_045512.2	729	A	1000.0
NC_045512.2	730	G	1000.0
NC_045512.2	731	A	1000.0
NC_045512.2	732	T	1000.0
NC_045512.2	733	T	1000.0
NC_045512.2	734	A	1000.0
NC_045512.2	735	A	1000.0
NC_045512.2	736	A	1000.0
NC_045512.2	737	C	1000.0
NC_045512.2	738	C	1000.0
NC_045512.2	739	G	1000.0
NC_045512.2	740	G	1000.0
NC_045512.2	741	C	1000.0
NC_045512.2	742	A	1000.0
NC_045512.2	743	A	1000.0
NC_045512.2	744	C	1000.0
NC_045512.2	745	C	1000.0
NC_045512.2	746	G	1000.0
NC_045512.2	747	A	1000.0
NC_045512.2	748	G	1000.0
NC_045512.2	749	C	1000.0
NC_045512.2	750	C	1000.0
NC_045512.2	751	G	1000.0
NC_045512.2	752	T	1000.0
NC_045512.2	753	C	1000.0
NC_045512.2	754	T	1000.0
NC_045512.2	755	C	1000.0
NC_045512.2	756	G	1000.0
NC_045512.2	757	G	1000.0
NC_045512.2	758	G	1000.0
NC_045512.2	759	A	1000.0
NC_045512.2	760	T	1000.0
NC_045512.2	761	C	1000.0
NC_045512.2	762	C	1000.0
NC_045512.2	763	C	1000.0
NC_045512.2	764	G	1000.0
NC_045512.2	765	C	1000.0
NC_045512.2	766	A	1000.0
NC_045512.2	767	A	1000.0
NC_045512.2	768	T	1000.0
NC_045512.2	769	T	1000.0
NC_045512.2	770	T	1000.0
NC_045512.2	771	G	1000.0
NC_045512.2	772	T	1000.0
NC_045512.2	773	A	1000.0
NC_045512.2	774	C	1000.0
NC_045512.2	775	T	1000.0
NC_045512.2	776	G	1000.0
NC_045512.2	777	G	1000.0
NC_045512.2	778	C	1000.0
NC_045512.2	779	A	1000.0
NC_045512.2	780	A	1000.0
NC_045512.2	781	A	1000.0
NC_045512.2	782	C	1000.0
NC_045512.2	783	C	1000.0
NC_045512.2	784	T	1000.0
NC_045512.2	785	C	1000.0
NC_045512.2	786	T	1000.0
NC_045512.2	787	A	1000.0
NC_045512.2	788	C	1000.0
NC_045512.2	789	A	1000.0
NC_045512.2	790	T	1000.0
NC_045512.2	791	A	1000.0
NC_045512.2	792	A	1000.0
NC_045512.2	793	G	1000.0
NC_045512.2	794	T	1000.0
NC_045512.2	795	C	1000.0
NC_045512.2	796	G	1000.0
NC_045512.2	797	T	1000.0
NC_045512.2	798	A	1000.0
NC_045512.2	799	A	1000.0
NC_045512.2	800	C	1000.0
NC_045512.2	801	G	1000.0
NC_045512.2	802	G	1000.0
NC_045512.2	803	C	1000.0
NC_045512.2	804	G	1000.0
NC_045512.2	805	T	1000.0
NC_045512.2	806	A	1000.0
NC_045512.2	807	T	1000.0
NC_045512.2	808	G	1000.0
NC_045512.2	809	T	1000.0
NC_045512.2	810	A	1000.0
NC_045512.2	811	T	1000.0
NC_045512.2	812	A	1000.0
NC_045512.2	813	A	1000.0
NC_045512.2	814	A	1000.0
NC_045512.2	815	T	1000.0
NC_045512.2	816	G	1000.0
NC_045512.2	817	A	1000.0
NC_045512.2	818	T	1000.0
NC_045512.2	819	A	1000.0
NC_045512.2	820	T	1000.0
NC_045512.2	821	A	1000.0
NC_045512.2	822	T	1000.0
NC_045512.2	823	G	1000.0
NC_045512.2	824	T	1000.0
NC_045512.2	825	C	1000.0
NC_045512.2	826	G	1000.0
NC_045512.2	827	T	1000.0
NC_045512.2	828	C	1000.0
NC_045512.2	829	G	1000.0
NC_045512.2	830	A	1000.0
NC_045512.2	831	T	1000.0
NC_045512.2	832	G	1000.0
NC_045512.2	833	C	1000.0
NC_045512.2	834	C	1000.0
NC_045512.2	835	C	1000.0
NC_045512.2	836	T	1000.0
NC_045512.2	837	A	1000.0
NC_045512.2	838	C	1000.0
NC_045512.2	839	A	1000.0
NC_045512.2	840	A	1000.0
NC_045512.2	841	C	1000.0
NC_045512.2	842	A	1000.0
NC_045512.2	843	C	1000.0
NC_045512.2	844	C	1000.0
NC_045512.2	845	A	1000.0
NC_045512.2	846	G	1000.0
NC_045512.2	847	G	1000.0
NC_045512.2	848	T	1000.0
NC_045512.2	849	C	1000.0
NC_045512.2	850	T	1000.0
NC_045512.2	851	C	1000.0
NC_045512.2	852	T	1000.0
NC_045512.2	853	C	1000.0
NC_045512.2	854	A	1000.0
NC_045512.2	855	A	1000.0
NC_045512.2	856	G	1000.0
NC_045512.2	857	T	1000.0
NC_045512.2	858	T	1000.0
NC_045512.2	859	C	1000.0
NC_045512.2	860	A	1000.0
NC_045512.2	861	G	1000.0
NC_045512.2	862	G	1000.0
NC_045512.2	863	C	1000.0
NC_045512.2	864	C	1000.0
NC_045512.2	865	A	1000.0
NC_045512.2	866	T	1000.0
NC_045512.2	867	G	1000.0
NC_045512.2	868	G	1000.0
NC_045512.2	869	T	1000.0
NC_045512.2	870	C	1000.0
NC_045512.2	871	T	1000.0
NC_045512.2	872	C	1000.0
NC_045512.2	873	T	1000.0
NC_045512.2	874	C	1000.0
NC_045512.2	875	G	1000.0
NC_045512.2	876	G	1000.0
NC_045512.2	877	T	1000.0
NC_045512.2	878	A	1000.0
NC_045512.2	879	T	1000.0
NC_045512.2	880	G	1000.0
NC_045512.2	881	T	1000.0
NC_045512.2	882	C	1000.0
NC_045512.2	883	T	1000.0
NC_045512.2	884	G	1000.0
NC_045512.2	885	G	1000.0
NC_045512.2	886	G	1000.0
NC_045512.2	887	T	1000.0
NC_045512.2	888	T	1000.0
NC_045512.2	889	A	1000.0
NC_045512.2	890	A	1000.0
NC_045512.2	891	C	1000.0
NC_045512.2	892	C	1000.0
NC_045512.2	893	C	1000.0
NC_045512.2	894	T	1000.0
NC_045512.2	895	C	1000.0
NC_045512.2	896	G	1000.0
NC_045512.2	897	A	1000.0
NC_045512.2	898	T	1000.0
NC_045512.2	899	T	1000.0
NC_045512.2	900	A	1000.0
NC_045512.2	901	G	1000.0
NC_045512.2	902	T	1000.0
NC_045512.2	903	A	1000.0
NC_045512.2	904	A	1000.0
NC_045512.2	905	C	1000.0
NC_045512.2	906	G	1000.0
NC_045512.2	907	T	1000.0
NC_045512.2	908	G	1000.0
NC_045512.2	909	A	1000.0
NC_045512.2	910	G	1000.0
NC_045512.2	911	C	1000.0
NC_045512.2	912	T	1000.0
NC_045512.2	913	G	1000.0
NC_045512.2	914	C	1000.0
NC_045512.2	915	T	1000.0
NC_045512.2	916	G	1000.0
NC_045512.2	917	C	1000.0
NC_045512.2	918	C	1000.0
NC_045512.2	919	G	1000.0
NC_045512.2	920	G	1000.0
NC_045512.2	921	G	1000.0
NC_045512.2	922	C	1000.0
NC_045512.2	923	G	1000.0
NC_045512.2	924	A	1000.0
NC_045512.2	925	C	1000.0
NC_045512.2	926	T	1000.0
NC_045512.2	927	T	1000.0
NC_045512.2	928	G	1000.0
NC_045512.2	929	T	1000.0
NC_045512.2	930	A	1000.0
NC_045512.2	931	C	1000.0
NC_045512.2	932	T	1000.0
NC_045512.2	933	T	1000.0
NC_045512.2	934	T	1000.0
NC_045512.2	935	A	1000.0
NC_045512.2	936	A	1000.0
NC_045512.2	937	C	1000.0
NC_045512.2	938	G	1000.0
NC_045512.2	939	G	1000.0
NC_045512.2	940	T	1000.0
NC_045512.2	941	C	1000.0
NC_045512.2	942	G	1000.0
NC_045512.2	943	G	1000.0
NC_045512.2	944	C	1000.0
NC_045512.2	945	T	1000.0
NC_045512.2	946	G	1000.0
NC_045512.2	947	T	1000.0
NC_045512.2	948	G	1000.0
NC_045512.2	949	A	1000.0
NC_045512.2	950	A	1000.0
NC_045512.2	951	C	1000.0
NC_045512.2	952	C	1000.0
NC_045512.2	953	T	1000.0
NC_045512.2	954	G	1000.0
NC_045512.2	955	C	1000.0
NC_045512.2	956	G	1000.0
NC_045512.2	957	T	1000.0
NC_045512.2	958	T	1000.0
NC_045512.2	959	T	1000.0
NC_045512.2	960	G	1000.0
NC_045512.2	961	T	1000.0
NC_045512.2	962	G	1000.0
NC_045512.2	963	G	1000.0
NC_045512.2	964	T	1000.0
NC_045512.2	965	C	1000.0
NC_045512.2	966	C	1000.0
NC_045512.2	967	C	1000.0
NC_045512.2	968	T	1000.0
NC_045512.2	969	A	1000.0
NC_045512.2	970	A	1000.0
NC_045512.2	971	A	1000.0
NC_045512.2	972	T	1000.0
NC_045512.2	973	C	1000.0
NC_045512.2	974	A	1000.0
NC_045512.2	975	G	1000.0
NC_045512.2	976	C	1000.0
NC_045512.2	977	A	1000.0
NC_045512.2	978	A	1000.0
NC_045512.2	979	T	1000.0
NC_045512.2	980	T	1000.0
NC_045512.2	981	T	1000.0
NC_045512.2	982	C	1000.0
NC_045512.2	983	T	1000.0
NC_045512.2	984	T	1000.0
NC_045512.2	985	T	1000.0
NC_045512.2	986	A	1000.0
NC_045512.2	987	G	1000.0
NC_045512.2	988	A	1000.0
NC_045512.2	989	T	1000.0
NC_045512.2	990	T	1000.0
NC_045512.2	991	G	1000.0
NC_045512.2	992	T	1000.0
NC_045512.2	993	T	1000.0
NC_045512.2	994	T	1000.0
NC_045512.2	995	C	1000.0
NC_045512.2	996	T	1000.0
NC_045512.2	997	T	1000.0
NC_045512.2	998	T	1000.0
NC_045512.2	999	G	1000.0
NC_045512.2	1000	C	1000.0
